"image_id","folder","image_url","pp_pred","ps_pred","trim_pred","collected_by"
"869118","street","https://pub-5966bf5d84f948c983500b6d9547eec9.r2.dev/image/street/869118.jpg","none","none","banded","trim"
"1225461","street","https://pub-5966bf5d84f948c983500b6d9547eec9.r2.dev/image/street/1225461.jpg","none","medium","standard","ps"
"1063895","street","https://pub-5966bf5d84f948c983500b6d9547eec9.r2.dev/image/street/1063895.jpg","none","none","banded","trim"
"615239","street","https://pub-5966bf5d84f948c983500b6d9547eec9.r2.dev/image/street/615239.jpg","none","small","raw","trim,ps"
"35467","street","https://pub-5966bf5d84f948c983500b6d9547eec9.r2.dev/image/street/35467.jpg","none","none","banded","trim"
"132391","resort","https://pub-5966bf5d84f948c983500b6d9547eec9.r2.dev/image/resort/132391.jpg","allover","none","standard","pp"
"361440","street","https://pub-5966bf5d84f948c983500b6d9547eec9.r2.dev/image/street/361440.jpg","none","none","banded","trim"
"463528","street","https://pub-5966bf5d84f948c983500b6d9547eec9.r2.dev/image/street/463528.jpg","none","medium","banded","trim,ps"
"1352423","etc","https://pub-5966bf5d84f948c983500b6d9547eec9.r2.dev/image/etc/1352423.jpg","none","none","banded","trim"
"1720","feminine","https://pub-5966bf5d84f948c983500b6d9547eec9.r2.dev/image/feminine/1720.jpg","allover","small","banded","trim,pp,ps"
"476312","retro","https://pub-5966bf5d84f948c983500b6d9547eec9.r2.dev/image/retro/476312.jpg","allover","medium","raw","trim,pp,ps"
"266406","street","https://pub-5966bf5d84f948c983500b6d9547eec9.r2.dev/image/street/266406.jpg","none","none","banded","trim"
"833676","resort","https://pub-5966bf5d84f948c983500b6d9547eec9.r2.dev/image/resort/833676.jpg","allover","medium","standard","pp,ps"
"204503","feminine","https://pub-5966bf5d84f948c983500b6d9547eec9.r2.dev/image/feminine/204503.jpg","none","medium","standard","ps"
"583197","street","https://pub-5966bf5d84f948c983500b6d9547eec9.r2.dev/image/street/583197.jpg","none","medium","standard","ps"
"303099","street","https://pub-5966bf5d84f948c983500b6d9547eec9.r2.dev/image/street/303099.jpg","none","medium","standard","ps"
"1120270","street","https://pub-5966bf5d84f948c983500b6d9547eec9.r2.dev/image/street/1120270.jpg","none","none","banded","trim"
"1032628","street","https://pub-5966bf5d84f948c983500b6d9547eec9.r2.dev/image/street/1032628.jpg","none","none","banded","trim"
"398255","country","https://pub-5966bf5d84f948c983500b6d9547eec9.r2.dev/image/country/398255.jpg","none","none","banded","trim"
"604956","romantic","https://pub-5966bf5d84f948c983500b6d9547eec9.r2.dev/image/romantic/604956.jpg","none","none","banded","trim"
"1026339","street","https://pub-5966bf5d84f948c983500b6d9547eec9.r2.dev/image/street/1026339.jpg","none","none","unknown","trim"
"1131494","street","https://pub-5966bf5d84f948c983500b6d9547eec9.r2.dev/image/street/1131494.jpg","none","small","banded","trim,ps"
"829378","resort","https://pub-5966bf5d84f948c983500b6d9547eec9.r2.dev/image/resort/829378.jpg","none","none","banded","trim"
"996853","western","https://pub-5966bf5d84f948c983500b6d9547eec9.r2.dev/image/western/996853.jpg","none","small","standard","ps"
"126909","street","https://pub-5966bf5d84f948c983500b6d9547eec9.r2.dev/image/street/126909.jpg","none","none","raw","trim"
"1278019","romantic","https://pub-5966bf5d84f948c983500b6d9547eec9.r2.dev/image/romantic/1278019.jpg","allover","medium","standard","pp,ps"
"1007719","street","https://pub-5966bf5d84f948c983500b6d9547eec9.r2.dev/image/street/1007719.jpg","none","small","standard","ps"
"45694","street","https://pub-5966bf5d84f948c983500b6d9547eec9.r2.dev/image/street/45694.jpg","none","none","banded","trim"
"1019001","country","https://pub-5966bf5d84f948c983500b6d9547eec9.r2.dev/image/country/1019001.jpg","none","small","standard","ps"
"85825","romantic","https://pub-5966bf5d84f948c983500b6d9547eec9.r2.dev/image/romantic/85825.jpg","none","none","raw","trim"
"1138167","street","https://pub-5966bf5d84f948c983500b6d9547eec9.r2.dev/image/street/1138167.jpg","none","none","banded","trim"
"423671","street","https://pub-5966bf5d84f948c983500b6d9547eec9.r2.dev/image/street/423671.jpg","none","none","banded","trim"
"956641","street","https://pub-5966bf5d84f948c983500b6d9547eec9.r2.dev/image/street/956641.jpg","none","none","banded","trim"
"769673","mannish","https://pub-5966bf5d84f948c983500b6d9547eec9.r2.dev/image/mannish/769673.jpg","none","none","banded","trim"
"383968","street","https://pub-5966bf5d84f948c983500b6d9547eec9.r2.dev/image/street/383968.jpg","none","medium","standard","ps"
"1259396","classic","https://pub-5966bf5d84f948c983500b6d9547eec9.r2.dev/image/classic/1259396.jpg","none","none","banded","trim"
"955642","country","https://pub-5966bf5d84f948c983500b6d9547eec9.r2.dev/image/country/955642.jpg","none","none","banded","trim"
"345126","mannish","https://pub-5966bf5d84f948c983500b6d9547eec9.r2.dev/image/mannish/345126.jpg","none","none","banded","trim"
"1170204","sophisticated","https://pub-5966bf5d84f948c983500b6d9547eec9.r2.dev/image/sophisticated/1170204.jpg","none","none","banded","trim"
"493775","street","https://pub-5966bf5d84f948c983500b6d9547eec9.r2.dev/image/street/493775.jpg","none","none","banded","trim"
"315094","romantic","https://pub-5966bf5d84f948c983500b6d9547eec9.r2.dev/image/romantic/315094.jpg","allover","medium","standard","pp,ps"
"1209622","street","https://pub-5966bf5d84f948c983500b6d9547eec9.r2.dev/image/street/1209622.jpg","none","none","banded","trim"
"825301","street","https://pub-5966bf5d84f948c983500b6d9547eec9.r2.dev/image/street/825301.jpg","none","small","banded","trim,ps"
"1345850","feminine","https://pub-5966bf5d84f948c983500b6d9547eec9.r2.dev/image/feminine/1345850.jpg","none","none","banded","trim"
"374141","preppy","https://pub-5966bf5d84f948c983500b6d9547eec9.r2.dev/image/preppy/374141.jpg","none","none","banded","trim"
"817631","classic","https://pub-5966bf5d84f948c983500b6d9547eec9.r2.dev/image/classic/817631.jpg","none","medium","standard","ps"
"786231","street","https://pub-5966bf5d84f948c983500b6d9547eec9.r2.dev/image/street/786231.jpg","none","none","banded","trim"
"1238623","genderless","https://pub-5966bf5d84f948c983500b6d9547eec9.r2.dev/image/genderless/1238623.jpg","none","none","banded","trim"
"114688","street","https://pub-5966bf5d84f948c983500b6d9547eec9.r2.dev/image/street/114688.jpg","allover","medium","standard","pp,ps"
"164928","street","https://pub-5966bf5d84f948c983500b6d9547eec9.r2.dev/image/street/164928.jpg","none","medium","standard","ps"
"496780","street","https://pub-5966bf5d84f948c983500b6d9547eec9.r2.dev/image/street/496780.jpg","none","none","banded","trim"
"1326409","street","https://pub-5966bf5d84f948c983500b6d9547eec9.r2.dev/image/street/1326409.jpg","none","none","banded","trim"
"246824","street","https://pub-5966bf5d84f948c983500b6d9547eec9.r2.dev/image/street/246824.jpg","none","none","banded","trim"
"887836","feminine","https://pub-5966bf5d84f948c983500b6d9547eec9.r2.dev/image/feminine/887836.jpg","none","medium","standard","ps"
"363734","mannish","https://pub-5966bf5d84f948c983500b6d9547eec9.r2.dev/image/mannish/363734.jpg","none","none","banded","trim"
"153156","sporty","https://pub-5966bf5d84f948c983500b6d9547eec9.r2.dev/image/sporty/153156.jpg","none","medium","banded","trim,ps"
"1344637","street","https://pub-5966bf5d84f948c983500b6d9547eec9.r2.dev/image/street/1344637.jpg","none","none","banded","trim"
"93744","street","https://pub-5966bf5d84f948c983500b6d9547eec9.r2.dev/image/street/93744.jpg","none","none","banded","trim"
"699183","country","https://pub-5966bf5d84f948c983500b6d9547eec9.r2.dev/image/country/699183.jpg","none","small","standard","ps"
"499505","street","https://pub-5966bf5d84f948c983500b6d9547eec9.r2.dev/image/street/499505.jpg","none","none","banded","trim"
"1313706","street","https://pub-5966bf5d84f948c983500b6d9547eec9.r2.dev/image/street/1313706.jpg","none","none","banded","trim"
"1305201","street","https://pub-5966bf5d84f948c983500b6d9547eec9.r2.dev/image/street/1305201.jpg","none","none","banded","trim"
"17261","country","https://pub-5966bf5d84f948c983500b6d9547eec9.r2.dev/image/country/17261.jpg","none","medium","standard","ps"
"1247624","street","https://pub-5966bf5d84f948c983500b6d9547eec9.r2.dev/image/street/1247624.jpg","none","none","banded","trim"
"647285","street","https://pub-5966bf5d84f948c983500b6d9547eec9.r2.dev/image/street/647285.jpg","none","none","frayed","trim"
"1157789","feminine","https://pub-5966bf5d84f948c983500b6d9547eec9.r2.dev/image/feminine/1157789.jpg","none","medium","standard","ps"
"1220142","street","https://pub-5966bf5d84f948c983500b6d9547eec9.r2.dev/image/street/1220142.jpg","none","none","banded","trim"
"308873","romantic","https://pub-5966bf5d84f948c983500b6d9547eec9.r2.dev/image/romantic/308873.jpg","none","none","raw","trim"
"1190208","street","https://pub-5966bf5d84f948c983500b6d9547eec9.r2.dev/image/street/1190208.jpg","none","none","banded","trim"
"1052525","street","https://pub-5966bf5d84f948c983500b6d9547eec9.r2.dev/image/street/1052525.jpg","none","small","standard","ps"
"860999","retro","https://pub-5966bf5d84f948c983500b6d9547eec9.r2.dev/image/retro/860999.jpg","allover","medium","standard","pp,ps"
"33295","street","https://pub-5966bf5d84f948c983500b6d9547eec9.r2.dev/image/street/33295.jpg","none","none","banded","trim"
"734563","street","https://pub-5966bf5d84f948c983500b6d9547eec9.r2.dev/image/street/734563.jpg","none","none","banded","trim"
"975164","romantic","https://pub-5966bf5d84f948c983500b6d9547eec9.r2.dev/image/romantic/975164.jpg","none","medium","standard","ps"
"1020480","street","https://pub-5966bf5d84f948c983500b6d9547eec9.r2.dev/image/street/1020480.jpg","none","none","frayed","trim"
"1035435","street","https://pub-5966bf5d84f948c983500b6d9547eec9.r2.dev/image/street/1035435.jpg","none","small","standard","ps"
"1198927","street","https://pub-5966bf5d84f948c983500b6d9547eec9.r2.dev/image/street/1198927.jpg","none","none","banded","trim"
"973461","street","https://pub-5966bf5d84f948c983500b6d9547eec9.r2.dev/image/street/973461.jpg","none","small","standard","ps"
"769506","street","https://pub-5966bf5d84f948c983500b6d9547eec9.r2.dev/image/street/769506.jpg","none","small","frayed","trim,ps"
"777096","kitsch","https://pub-5966bf5d84f948c983500b6d9547eec9.r2.dev/image/kitsch/777096.jpg","none","none","banded","trim"
"890778","romantic","https://pub-5966bf5d84f948c983500b6d9547eec9.r2.dev/image/romantic/890778.jpg","none","none","banded","trim"
"1133385","street","https://pub-5966bf5d84f948c983500b6d9547eec9.r2.dev/image/street/1133385.jpg","none","none","frayed","trim"
"392564","country","https://pub-5966bf5d84f948c983500b6d9547eec9.r2.dev/image/country/392564.jpg","none","small","standard","ps"
"538529","street","https://pub-5966bf5d84f948c983500b6d9547eec9.r2.dev/image/street/538529.jpg","none","none","banded","trim"
"709191","street","https://pub-5966bf5d84f948c983500b6d9547eec9.r2.dev/image/street/709191.jpg","none","small","banded","trim,ps"
"1042933","street","https://pub-5966bf5d84f948c983500b6d9547eec9.r2.dev/image/street/1042933.jpg","none","none","banded","trim"
"151921","modern","https://pub-5966bf5d84f948c983500b6d9547eec9.r2.dev/image/modern/151921.jpg","none","none","banded","trim"
"1083585","street","https://pub-5966bf5d84f948c983500b6d9547eec9.r2.dev/image/street/1083585.jpg","none","none","banded","trim"
"650307","street","https://pub-5966bf5d84f948c983500b6d9547eec9.r2.dev/image/street/650307.jpg","none","none","banded","trim"
"78993","romantic","https://pub-5966bf5d84f948c983500b6d9547eec9.r2.dev/image/romantic/78993.jpg","none","none","raw","trim"
"9185","street","https://pub-5966bf5d84f948c983500b6d9547eec9.r2.dev/image/street/9185.jpg","none","small","standard","ps"
"1071918","street","https://pub-5966bf5d84f948c983500b6d9547eec9.r2.dev/image/street/1071918.jpg","allover","medium","standard","pp,ps"
"386905","street","https://pub-5966bf5d84f948c983500b6d9547eec9.r2.dev/image/street/386905.jpg","none","none","banded","trim"
"500956","street","https://pub-5966bf5d84f948c983500b6d9547eec9.r2.dev/image/street/500956.jpg","none","none","banded","trim"
"390967","street","https://pub-5966bf5d84f948c983500b6d9547eec9.r2.dev/image/street/390967.jpg","none","small","standard","ps"
"1331607","street","https://pub-5966bf5d84f948c983500b6d9547eec9.r2.dev/image/street/1331607.jpg","none","none","banded","trim"
"718634","street","https://pub-5966bf5d84f948c983500b6d9547eec9.r2.dev/image/street/718634.jpg","none","none","banded","trim"
"1287602","street","https://pub-5966bf5d84f948c983500b6d9547eec9.r2.dev/image/street/1287602.jpg","none","none","banded","trim"
"104081","resort","https://pub-5966bf5d84f948c983500b6d9547eec9.r2.dev/image/resort/104081.jpg","none","medium","standard","ps"
"1253747","street","https://pub-5966bf5d84f948c983500b6d9547eec9.r2.dev/image/street/1253747.jpg","none","none","banded","trim"
"378715","street","https://pub-5966bf5d84f948c983500b6d9547eec9.r2.dev/image/street/378715.jpg","none","none","banded","trim"
"462843","street","https://pub-5966bf5d84f948c983500b6d9547eec9.r2.dev/image/street/462843.jpg","none","none","banded","trim"
"687904","street","https://pub-5966bf5d84f948c983500b6d9547eec9.r2.dev/image/street/687904.jpg","none","none","banded","trim"
"1258211","sporty","https://pub-5966bf5d84f948c983500b6d9547eec9.r2.dev/image/sporty/1258211.jpg","none","small","banded","trim,ps"
"1320798","feminine","https://pub-5966bf5d84f948c983500b6d9547eec9.r2.dev/image/feminine/1320798.jpg","none","none","raw","trim"
"1094638","street","https://pub-5966bf5d84f948c983500b6d9547eec9.r2.dev/image/street/1094638.jpg","none","none","banded","trim"
"687883","street","https://pub-5966bf5d84f948c983500b6d9547eec9.r2.dev/image/street/687883.jpg","none","none","banded","trim"
"1226152","street","https://pub-5966bf5d84f948c983500b6d9547eec9.r2.dev/image/street/1226152.jpg","none","none","raw","trim"
"1032900","tomboy","https://pub-5966bf5d84f948c983500b6d9547eec9.r2.dev/image/tomboy/1032900.jpg","none","medium","banded","trim,ps"
"1321918","street","https://pub-5966bf5d84f948c983500b6d9547eec9.r2.dev/image/street/1321918.jpg","none","none","banded","trim"
"755766","street","https://pub-5966bf5d84f948c983500b6d9547eec9.r2.dev/image/street/755766.jpg","none","none","banded","trim"
"1090018","street","https://pub-5966bf5d84f948c983500b6d9547eec9.r2.dev/image/street/1090018.jpg","none","none","banded","trim"
"1197947","kitsch","https://pub-5966bf5d84f948c983500b6d9547eec9.r2.dev/image/kitsch/1197947.jpg","none","none","banded","trim"
"597376","hippie","https://pub-5966bf5d84f948c983500b6d9547eec9.r2.dev/image/hippie/597376.jpg","none","medium","standard","ps"
"258260","street","https://pub-5966bf5d84f948c983500b6d9547eec9.r2.dev/image/street/258260.jpg","none","none","banded","trim"
"809270","country","https://pub-5966bf5d84f948c983500b6d9547eec9.r2.dev/image/country/809270.jpg","none","medium","standard","ps"
"1259802","sophisticated","https://pub-5966bf5d84f948c983500b6d9547eec9.r2.dev/image/sophisticated/1259802.jpg","none","none","banded","trim"
"619288","classic","https://pub-5966bf5d84f948c983500b6d9547eec9.r2.dev/image/classic/619288.jpg","none","none","banded","trim"
"167517","romantic","https://pub-5966bf5d84f948c983500b6d9547eec9.r2.dev/image/romantic/167517.jpg","allover","medium","standard","pp,ps"
"747765","sophisticated","https://pub-5966bf5d84f948c983500b6d9547eec9.r2.dev/image/sophisticated/747765.jpg","none","none","banded","trim"
"196332","street","https://pub-5966bf5d84f948c983500b6d9547eec9.r2.dev/image/street/196332.jpg","none","medium","standard","ps"
"56713","street","https://pub-5966bf5d84f948c983500b6d9547eec9.r2.dev/image/street/56713.jpg","allover","medium","standard","pp,ps"
"522483","street","https://pub-5966bf5d84f948c983500b6d9547eec9.r2.dev/image/street/522483.jpg","none","none","banded","trim"
"63771","hippie","https://pub-5966bf5d84f948c983500b6d9547eec9.r2.dev/image/hippie/63771.jpg","allover","medium","standard","pp,ps"
"433171","romantic","https://pub-5966bf5d84f948c983500b6d9547eec9.r2.dev/image/romantic/433171.jpg","none","none","raw","trim"
"460446","modern","https://pub-5966bf5d84f948c983500b6d9547eec9.r2.dev/image/modern/460446.jpg","allover","medium","raw","trim,pp,ps"
"1167683","street","https://pub-5966bf5d84f948c983500b6d9547eec9.r2.dev/image/street/1167683.jpg","none","small","standard","ps"
"1309299","romantic","https://pub-5966bf5d84f948c983500b6d9547eec9.r2.dev/image/romantic/1309299.jpg","none","medium","standard","ps"
"758095","street","https://pub-5966bf5d84f948c983500b6d9547eec9.r2.dev/image/street/758095.jpg","none","none","banded","trim"
"156574","street","https://pub-5966bf5d84f948c983500b6d9547eec9.r2.dev/image/street/156574.jpg","none","medium","standard","ps"
"568733","street","https://pub-5966bf5d84f948c983500b6d9547eec9.r2.dev/image/street/568733.jpg","none","none","banded","trim"
"822093","kitsch","https://pub-5966bf5d84f948c983500b6d9547eec9.r2.dev/image/kitsch/822093.jpg","none","medium","banded","trim,ps"
"1194955","street","https://pub-5966bf5d84f948c983500b6d9547eec9.r2.dev/image/street/1194955.jpg","none","none","frayed","trim"
"274896","romantic","https://pub-5966bf5d84f948c983500b6d9547eec9.r2.dev/image/romantic/274896.jpg","none","none","raw","trim"
"612018","modern","https://pub-5966bf5d84f948c983500b6d9547eec9.r2.dev/image/modern/612018.jpg","none","none","banded","trim"
"802952","tomboy","https://pub-5966bf5d84f948c983500b6d9547eec9.r2.dev/image/tomboy/802952.jpg","none","none","banded","trim"
"1187792","street","https://pub-5966bf5d84f948c983500b6d9547eec9.r2.dev/image/street/1187792.jpg","none","small","standard","ps"
"851491","sporty","https://pub-5966bf5d84f948c983500b6d9547eec9.r2.dev/image/sporty/851491.jpg","none","none","banded","trim"
"480458","romantic","https://pub-5966bf5d84f948c983500b6d9547eec9.r2.dev/image/romantic/480458.jpg","none","none","banded","trim"
"1252340","romantic","https://pub-5966bf5d84f948c983500b6d9547eec9.r2.dev/image/romantic/1252340.jpg","none","none","banded","trim"
"1221490","street","https://pub-5966bf5d84f948c983500b6d9547eec9.r2.dev/image/street/1221490.jpg","none","small","banded","trim,ps"
"522465","street","https://pub-5966bf5d84f948c983500b6d9547eec9.r2.dev/image/street/522465.jpg","none","none","frayed","trim"
"35090","street","https://pub-5966bf5d84f948c983500b6d9547eec9.r2.dev/image/street/35090.jpg","none","none","banded","trim"
"1234874","street","https://pub-5966bf5d84f948c983500b6d9547eec9.r2.dev/image/street/1234874.jpg","none","none","banded","trim"
"949200","classic","https://pub-5966bf5d84f948c983500b6d9547eec9.r2.dev/image/classic/949200.jpg","none","none","banded","trim"
"461510","romantic","https://pub-5966bf5d84f948c983500b6d9547eec9.r2.dev/image/romantic/461510.jpg","allover","medium","standard","pp,ps"
"407760","street","https://pub-5966bf5d84f948c983500b6d9547eec9.r2.dev/image/street/407760.jpg","none","medium","standard","ps"
"844828","street","https://pub-5966bf5d84f948c983500b6d9547eec9.r2.dev/image/street/844828.jpg","none","medium","standard","ps"
"285276","street","https://pub-5966bf5d84f948c983500b6d9547eec9.r2.dev/image/street/285276.jpg","none","none","banded","trim"
"385817","street","https://pub-5966bf5d84f948c983500b6d9547eec9.r2.dev/image/street/385817.jpg","none","none","banded","trim"
"851423","sporty","https://pub-5966bf5d84f948c983500b6d9547eec9.r2.dev/image/sporty/851423.jpg","none","small","banded","trim,ps"
"608368","street","https://pub-5966bf5d84f948c983500b6d9547eec9.r2.dev/image/street/608368.jpg","none","small","standard","ps"
"1222508","country","https://pub-5966bf5d84f948c983500b6d9547eec9.r2.dev/image/country/1222508.jpg","none","none","banded","trim"
"603273","classic","https://pub-5966bf5d84f948c983500b6d9547eec9.r2.dev/image/classic/603273.jpg","none","medium","standard","ps"
"580364","resort","https://pub-5966bf5d84f948c983500b6d9547eec9.r2.dev/image/resort/580364.jpg","none","medium","standard","ps"
"153573","street","https://pub-5966bf5d84f948c983500b6d9547eec9.r2.dev/image/street/153573.jpg","none","none","banded","trim"
"167122","romantic","https://pub-5966bf5d84f948c983500b6d9547eec9.r2.dev/image/romantic/167122.jpg","allover","medium","standard","pp,ps"
"810917","sexy","https://pub-5966bf5d84f948c983500b6d9547eec9.r2.dev/image/sexy/810917.jpg","none","small","standard","ps"
"1163534","country","https://pub-5966bf5d84f948c983500b6d9547eec9.r2.dev/image/country/1163534.jpg","none","medium","standard","ps"
"1108099","street","https://pub-5966bf5d84f948c983500b6d9547eec9.r2.dev/image/street/1108099.jpg","none","none","banded","trim"
"273870","classic","https://pub-5966bf5d84f948c983500b6d9547eec9.r2.dev/image/classic/273870.jpg","none","medium","standard","ps"
"236938","romantic","https://pub-5966bf5d84f948c983500b6d9547eec9.r2.dev/image/romantic/236938.jpg","none","medium","raw","trim,ps"
"32022","genderless","https://pub-5966bf5d84f948c983500b6d9547eec9.r2.dev/image/genderless/32022.jpg","none","medium","banded","trim,ps"
"127892","street","https://pub-5966bf5d84f948c983500b6d9547eec9.r2.dev/image/street/127892.jpg","none","none","banded","trim"
"131741","feminine","https://pub-5966bf5d84f948c983500b6d9547eec9.r2.dev/image/feminine/131741.jpg","none","none","raw","trim"
"713201","classic","https://pub-5966bf5d84f948c983500b6d9547eec9.r2.dev/image/classic/713201.jpg","none","small","standard","ps"
"874713","tomboy","https://pub-5966bf5d84f948c983500b6d9547eec9.r2.dev/image/tomboy/874713.jpg","none","none","banded","trim"
"864949","classic","https://pub-5966bf5d84f948c983500b6d9547eec9.r2.dev/image/classic/864949.jpg","none","none","banded","trim"
"497230","street","https://pub-5966bf5d84f948c983500b6d9547eec9.r2.dev/image/street/497230.jpg","none","large","banded","trim,ps"
"1265271","sophisticated","https://pub-5966bf5d84f948c983500b6d9547eec9.r2.dev/image/sophisticated/1265271.jpg","none","none","banded","trim"
"681390","kitsch","https://pub-5966bf5d84f948c983500b6d9547eec9.r2.dev/image/kitsch/681390.jpg","none","medium","standard","ps"
"554691","hippie","https://pub-5966bf5d84f948c983500b6d9547eec9.r2.dev/image/hippie/554691.jpg","none","medium","standard","ps"
"179589","modern","https://pub-5966bf5d84f948c983500b6d9547eec9.r2.dev/image/modern/179589.jpg","none","none","raw","trim"
"1072043","romantic","https://pub-5966bf5d84f948c983500b6d9547eec9.r2.dev/image/romantic/1072043.jpg","none","medium","standard","ps"
"164795","hippie","https://pub-5966bf5d84f948c983500b6d9547eec9.r2.dev/image/hippie/164795.jpg","allover","medium","standard","pp,ps"
"1071185","feminine","https://pub-5966bf5d84f948c983500b6d9547eec9.r2.dev/image/feminine/1071185.jpg","allover","medium","standard","pp,ps"
"484214","oriental","https://pub-5966bf5d84f948c983500b6d9547eec9.r2.dev/image/oriental/484214.jpg","none","small","raw","trim,ps"
"499567","street","https://pub-5966bf5d84f948c983500b6d9547eec9.r2.dev/image/street/499567.jpg","none","none","frayed","trim"
"1331277","street","https://pub-5966bf5d84f948c983500b6d9547eec9.r2.dev/image/street/1331277.jpg","none","none","rolled","trim"
"582578","avant_garde","https://pub-5966bf5d84f948c983500b6d9547eec9.r2.dev/image/avant_garde/582578.jpg","none","medium","standard","ps"
"439439","street","https://pub-5966bf5d84f948c983500b6d9547eec9.r2.dev/image/street/439439.jpg","none","medium","banded","ps"
"448662","feminine","https://pub-5966bf5d84f948c983500b6d9547eec9.r2.dev/image/feminine/448662.jpg","none","medium","standard","ps"
"1050769","country","https://pub-5966bf5d84f948c983500b6d9547eec9.r2.dev/image/country/1050769.jpg","none","medium","banded","ps"
"384512","kitsch","https://pub-5966bf5d84f948c983500b6d9547eec9.r2.dev/image/kitsch/384512.jpg","none","small","banded","ps"
"1351221","etc","https://pub-5966bf5d84f948c983500b6d9547eec9.r2.dev/image/etc/1351221.jpg","none","small","banded","ps"
"893326","street","https://pub-5966bf5d84f948c983500b6d9547eec9.r2.dev/image/street/893326.jpg","none","small","banded","ps"
"481301","street","https://pub-5966bf5d84f948c983500b6d9547eec9.r2.dev/image/street/481301.jpg","none","none","raw","trim"
"814871","street","https://pub-5966bf5d84f948c983500b6d9547eec9.r2.dev/image/street/814871.jpg","none","small","standard","ps"
"1158826","feminine","https://pub-5966bf5d84f948c983500b6d9547eec9.r2.dev/image/feminine/1158826.jpg","none","none","raw","trim"
"458545","romantic","https://pub-5966bf5d84f948c983500b6d9547eec9.r2.dev/image/romantic/458545.jpg","none","medium","standard","ps"
"701832","resort","https://pub-5966bf5d84f948c983500b6d9547eec9.r2.dev/image/resort/701832.jpg","allover","medium","standard","pp,ps"
"186545","romantic","https://pub-5966bf5d84f948c983500b6d9547eec9.r2.dev/image/romantic/186545.jpg","none","none","raw","trim"
"1076939","romantic","https://pub-5966bf5d84f948c983500b6d9547eec9.r2.dev/image/romantic/1076939.jpg","none","none","unknown","trim"
"662219","classic","https://pub-5966bf5d84f948c983500b6d9547eec9.r2.dev/image/classic/662219.jpg","none","small","banded","ps"
"133593","modern","https://pub-5966bf5d84f948c983500b6d9547eec9.r2.dev/image/modern/133593.jpg","none","medium","standard","ps"
"480639","modern","https://pub-5966bf5d84f948c983500b6d9547eec9.r2.dev/image/modern/480639.jpg","none","medium","banded","ps"
"991591","sexy","https://pub-5966bf5d84f948c983500b6d9547eec9.r2.dev/image/sexy/991591.jpg","none","small","standard","ps"
"291756","feminine","https://pub-5966bf5d84f948c983500b6d9547eec9.r2.dev/image/feminine/291756.jpg","none","medium","standard","ps"
"154617","kitsch","https://pub-5966bf5d84f948c983500b6d9547eec9.r2.dev/image/kitsch/154617.jpg","none","small","banded","ps"
"175165","resort","https://pub-5966bf5d84f948c983500b6d9547eec9.r2.dev/image/resort/175165.jpg","allover","medium","standard","pp,ps"
"1186378","romantic","https://pub-5966bf5d84f948c983500b6d9547eec9.r2.dev/image/romantic/1186378.jpg","none","small","standard","ps"
"698319","resort","https://pub-5966bf5d84f948c983500b6d9547eec9.r2.dev/image/resort/698319.jpg","none","medium","standard","ps"
"1192874","modern","https://pub-5966bf5d84f948c983500b6d9547eec9.r2.dev/image/modern/1192874.jpg","none","none","raw","trim"
"812062","romantic","https://pub-5966bf5d84f948c983500b6d9547eec9.r2.dev/image/romantic/812062.jpg","none","medium","standard","ps"
"963651","resort","https://pub-5966bf5d84f948c983500b6d9547eec9.r2.dev/image/resort/963651.jpg","none","medium","standard","ps"
"160231","modern","https://pub-5966bf5d84f948c983500b6d9547eec9.r2.dev/image/modern/160231.jpg","none","medium","standard","ps"
"147809","resort","https://pub-5966bf5d84f948c983500b6d9547eec9.r2.dev/image/resort/147809.jpg","allover","medium","raw","trim,pp,ps"
"579096","romantic","https://pub-5966bf5d84f948c983500b6d9547eec9.r2.dev/image/romantic/579096.jpg","none","medium","standard","ps"
"815188","resort","https://pub-5966bf5d84f948c983500b6d9547eec9.r2.dev/image/resort/815188.jpg","allover","medium","standard","pp,ps"
"754888","feminine","https://pub-5966bf5d84f948c983500b6d9547eec9.r2.dev/image/feminine/754888.jpg","none","small","standard","ps"
"537204","resort","https://pub-5966bf5d84f948c983500b6d9547eec9.r2.dev/image/resort/537204.jpg","none","none","raw","trim"
"458273","romantic","https://pub-5966bf5d84f948c983500b6d9547eec9.r2.dev/image/romantic/458273.jpg","allover","medium","standard","pp,ps"
"545407","oriental","https://pub-5966bf5d84f948c983500b6d9547eec9.r2.dev/image/oriental/545407.jpg","none","medium","standard","ps"
"1029878","classic","https://pub-5966bf5d84f948c983500b6d9547eec9.r2.dev/image/classic/1029878.jpg","none","small","banded","ps"
"69750","feminine","https://pub-5966bf5d84f948c983500b6d9547eec9.r2.dev/image/feminine/69750.jpg","allover","medium","standard","pp,ps"
"503711","romantic","https://pub-5966bf5d84f948c983500b6d9547eec9.r2.dev/image/romantic/503711.jpg","none","small","standard","ps"
"971493","resort","https://pub-5966bf5d84f948c983500b6d9547eec9.r2.dev/image/resort/971493.jpg","none","medium","raw","trim,ps"
"552909","hippie","https://pub-5966bf5d84f948c983500b6d9547eec9.r2.dev/image/hippie/552909.jpg","none","medium","standard","ps"
"321991","resort","https://pub-5966bf5d84f948c983500b6d9547eec9.r2.dev/image/resort/321991.jpg","allover","medium","standard","pp,ps"
"469635","romantic","https://pub-5966bf5d84f948c983500b6d9547eec9.r2.dev/image/romantic/469635.jpg","allover","medium","standard","pp,ps"
"586246","resort","https://pub-5966bf5d84f948c983500b6d9547eec9.r2.dev/image/resort/586246.jpg","none","medium","standard","ps"
"939742","avant_garde","https://pub-5966bf5d84f948c983500b6d9547eec9.r2.dev/image/avant_garde/939742.jpg","allover","medium","standard","pp,ps"
"707903","modern","https://pub-5966bf5d84f948c983500b6d9547eec9.r2.dev/image/modern/707903.jpg","none","medium","standard","ps"
"886524","feminine","https://pub-5966bf5d84f948c983500b6d9547eec9.r2.dev/image/feminine/886524.jpg","none","medium","standard","ps"
"116259","feminine","https://pub-5966bf5d84f948c983500b6d9547eec9.r2.dev/image/feminine/116259.jpg","allover","medium","standard","pp,ps"
"539834","modern","https://pub-5966bf5d84f948c983500b6d9547eec9.r2.dev/image/modern/539834.jpg","none","medium","standard","ps"
"751615","sporty","https://pub-5966bf5d84f948c983500b6d9547eec9.r2.dev/image/sporty/751615.jpg","none","medium","banded","ps"
"1109166","classic","https://pub-5966bf5d84f948c983500b6d9547eec9.r2.dev/image/classic/1109166.jpg","none","small","standard","ps"
"333143","feminine","https://pub-5966bf5d84f948c983500b6d9547eec9.r2.dev/image/feminine/333143.jpg","allover","medium","standard","pp,ps"
"185498","hippie","https://pub-5966bf5d84f948c983500b6d9547eec9.r2.dev/image/hippie/185498.jpg","allover","medium","standard","pp,ps"
"1075712","classic","https://pub-5966bf5d84f948c983500b6d9547eec9.r2.dev/image/classic/1075712.jpg","none","medium","standard","ps"
"1227525","modern","https://pub-5966bf5d84f948c983500b6d9547eec9.r2.dev/image/modern/1227525.jpg","allover","medium","raw","trim,pp,ps"
"82608","romantic","https://pub-5966bf5d84f948c983500b6d9547eec9.r2.dev/image/romantic/82608.jpg","none","medium","standard","ps"
"148747","hippie","https://pub-5966bf5d84f948c983500b6d9547eec9.r2.dev/image/hippie/148747.jpg","none","medium","standard","ps"
"364829","romantic","https://pub-5966bf5d84f948c983500b6d9547eec9.r2.dev/image/romantic/364829.jpg","none","small","standard","ps"
"265244","romantic","https://pub-5966bf5d84f948c983500b6d9547eec9.r2.dev/image/romantic/265244.jpg","allover","medium","standard","pp,ps"
"1072788","romantic","https://pub-5966bf5d84f948c983500b6d9547eec9.r2.dev/image/romantic/1072788.jpg","none","small","standard","ps"
"711407","romantic","https://pub-5966bf5d84f948c983500b6d9547eec9.r2.dev/image/romantic/711407.jpg","none","small","standard","ps"
"465921","resort","https://pub-5966bf5d84f948c983500b6d9547eec9.r2.dev/image/resort/465921.jpg","allover","medium","standard","pp,ps"
"1158368","romantic","https://pub-5966bf5d84f948c983500b6d9547eec9.r2.dev/image/romantic/1158368.jpg","none","small","standard","ps"
"528359","romantic","https://pub-5966bf5d84f948c983500b6d9547eec9.r2.dev/image/romantic/528359.jpg","none","small","raw","trim,ps"
"314327","romantic","https://pub-5966bf5d84f948c983500b6d9547eec9.r2.dev/image/romantic/314327.jpg","allover","medium","standard","pp,ps"
"533990","feminine","https://pub-5966bf5d84f948c983500b6d9547eec9.r2.dev/image/feminine/533990.jpg","allover","small","standard","pp,ps"
"114583","romantic","https://pub-5966bf5d84f948c983500b6d9547eec9.r2.dev/image/romantic/114583.jpg","allover","medium","standard","pp,ps"
"973842","feminine","https://pub-5966bf5d84f948c983500b6d9547eec9.r2.dev/image/feminine/973842.jpg","allover","small","standard","pp,ps"
"58800","country","https://pub-5966bf5d84f948c983500b6d9547eec9.r2.dev/image/country/58800.jpg","allover","medium","standard","pp,ps"
"279238","country","https://pub-5966bf5d84f948c983500b6d9547eec9.r2.dev/image/country/279238.jpg","none","medium","standard","ps"
"397600","sexy","https://pub-5966bf5d84f948c983500b6d9547eec9.r2.dev/image/sexy/397600.jpg","none","none","raw","trim"
"1158216","romantic","https://pub-5966bf5d84f948c983500b6d9547eec9.r2.dev/image/romantic/1158216.jpg","allover","medium","raw","trim,pp,ps"
"501322","romantic","https://pub-5966bf5d84f948c983500b6d9547eec9.r2.dev/image/romantic/501322.jpg","none","small","standard","ps"
"704476","country","https://pub-5966bf5d84f948c983500b6d9547eec9.r2.dev/image/country/704476.jpg","none","small","banded","ps"
"421277","classic","https://pub-5966bf5d84f948c983500b6d9547eec9.r2.dev/image/classic/421277.jpg","none","medium","standard","ps"
"282786","punk","https://pub-5966bf5d84f948c983500b6d9547eec9.r2.dev/image/punk/282786.jpg","none","small","standard","ps"
"813404","resort","https://pub-5966bf5d84f948c983500b6d9547eec9.r2.dev/image/resort/813404.jpg","none","medium","standard","ps"
"1159096","feminine","https://pub-5966bf5d84f948c983500b6d9547eec9.r2.dev/image/feminine/1159096.jpg","allover","small","standard","pp,ps"
"265593","preppy","https://pub-5966bf5d84f948c983500b6d9547eec9.r2.dev/image/preppy/265593.jpg","none","medium","standard","ps"
"561870","genderless","https://pub-5966bf5d84f948c983500b6d9547eec9.r2.dev/image/genderless/561870.jpg","none","small","standard","ps"
"447970","romantic","https://pub-5966bf5d84f948c983500b6d9547eec9.r2.dev/image/romantic/447970.jpg","none","small","standard","ps"
"597464","oriental","https://pub-5966bf5d84f948c983500b6d9547eec9.r2.dev/image/oriental/597464.jpg","none","medium","standard","ps"
"117371","romantic","https://pub-5966bf5d84f948c983500b6d9547eec9.r2.dev/image/romantic/117371.jpg","allover","medium","standard","pp,ps"
"236922","resort","https://pub-5966bf5d84f948c983500b6d9547eec9.r2.dev/image/resort/236922.jpg","allover","medium","standard","pp,ps"
"272212","feminine","https://pub-5966bf5d84f948c983500b6d9547eec9.r2.dev/image/feminine/272212.jpg","none","medium","standard","ps"
"1054005","sophisticated","https://pub-5966bf5d84f948c983500b6d9547eec9.r2.dev/image/sophisticated/1054005.jpg","none","small","standard","ps"
"1329606","modern","https://pub-5966bf5d84f948c983500b6d9547eec9.r2.dev/image/modern/1329606.jpg","allover","medium","standard","pp,ps"
"1074214","country","https://pub-5966bf5d84f948c983500b6d9547eec9.r2.dev/image/country/1074214.jpg","none","small","raw","trim,ps"
"280182","avant_garde","https://pub-5966bf5d84f948c983500b6d9547eec9.r2.dev/image/avant_garde/280182.jpg","none","medium","standard","ps"
"809679","feminine","https://pub-5966bf5d84f948c983500b6d9547eec9.r2.dev/image/feminine/809679.jpg","none","small","standard","ps"
"1078692","sporty","https://pub-5966bf5d84f948c983500b6d9547eec9.r2.dev/image/sporty/1078692.jpg","none","small","banded","ps"
"403792","feminine","https://pub-5966bf5d84f948c983500b6d9547eec9.r2.dev/image/feminine/403792.jpg","none","medium","standard","ps"
"725265","feminine","https://pub-5966bf5d84f948c983500b6d9547eec9.r2.dev/image/feminine/725265.jpg","none","medium","standard","ps"
"1203971","feminine","https://pub-5966bf5d84f948c983500b6d9547eec9.r2.dev/image/feminine/1203971.jpg","allover","medium","standard","pp,ps"
"452170","romantic","https://pub-5966bf5d84f948c983500b6d9547eec9.r2.dev/image/romantic/452170.jpg","allover","none","raw","trim,pp"
"971805","feminine","https://pub-5966bf5d84f948c983500b6d9547eec9.r2.dev/image/feminine/971805.jpg","allover","medium","standard","pp,ps"
"970659","modern","https://pub-5966bf5d84f948c983500b6d9547eec9.r2.dev/image/modern/970659.jpg","none","small","standard","ps"
"147658","retro","https://pub-5966bf5d84f948c983500b6d9547eec9.r2.dev/image/retro/147658.jpg","allover","medium","standard","pp,ps"
"117139","romantic","https://pub-5966bf5d84f948c983500b6d9547eec9.r2.dev/image/romantic/117139.jpg","allover","medium","standard","pp,ps"
"6894","modern","https://pub-5966bf5d84f948c983500b6d9547eec9.r2.dev/image/modern/6894.jpg","none","medium","standard","ps"
"73499","feminine","https://pub-5966bf5d84f948c983500b6d9547eec9.r2.dev/image/feminine/73499.jpg","none","medium","standard","ps"
"1255265","feminine","https://pub-5966bf5d84f948c983500b6d9547eec9.r2.dev/image/feminine/1255265.jpg","none","small","standard","ps"
"485593","hippie","https://pub-5966bf5d84f948c983500b6d9547eec9.r2.dev/image/hippie/485593.jpg","none","medium","raw","trim,ps"
"192666","sporty","https://pub-5966bf5d84f948c983500b6d9547eec9.r2.dev/image/sporty/192666.jpg","none","small","banded","ps"
"308915","classic","https://pub-5966bf5d84f948c983500b6d9547eec9.r2.dev/image/classic/308915.jpg","none","medium","standard","ps"
"513095","feminine","https://pub-5966bf5d84f948c983500b6d9547eec9.r2.dev/image/feminine/513095.jpg","none","none","raw","trim"
"192763","sporty","https://pub-5966bf5d84f948c983500b6d9547eec9.r2.dev/image/sporty/192763.jpg","none","small","banded","ps"
"1248915","classic","https://pub-5966bf5d84f948c983500b6d9547eec9.r2.dev/image/classic/1248915.jpg","none","small","standard","ps"
"265250","romantic","https://pub-5966bf5d84f948c983500b6d9547eec9.r2.dev/image/romantic/265250.jpg","none","medium","standard","ps"
"680432","feminine","https://pub-5966bf5d84f948c983500b6d9547eec9.r2.dev/image/feminine/680432.jpg","none","medium","standard","ps"
"428668","retro","https://pub-5966bf5d84f948c983500b6d9547eec9.r2.dev/image/retro/428668.jpg","none","medium","standard","ps"
"973739","country","https://pub-5966bf5d84f948c983500b6d9547eec9.r2.dev/image/country/973739.jpg","none","medium","raw","trim,ps"
"814812","romantic","https://pub-5966bf5d84f948c983500b6d9547eec9.r2.dev/image/romantic/814812.jpg","allover","small","standard","pp,ps"
"534752","feminine","https://pub-5966bf5d84f948c983500b6d9547eec9.r2.dev/image/feminine/534752.jpg","allover","medium","standard","pp,ps"
"1200619","romantic","https://pub-5966bf5d84f948c983500b6d9547eec9.r2.dev/image/romantic/1200619.jpg","allover","small","standard","pp,ps"
"1127611","modern","https://pub-5966bf5d84f948c983500b6d9547eec9.r2.dev/image/modern/1127611.jpg","none","medium","standard","ps"
"313987","romantic","https://pub-5966bf5d84f948c983500b6d9547eec9.r2.dev/image/romantic/313987.jpg","allover","medium","standard","pp,ps"
"1129705","classic","https://pub-5966bf5d84f948c983500b6d9547eec9.r2.dev/image/classic/1129705.jpg","none","medium","standard","ps"
"322149","modern","https://pub-5966bf5d84f948c983500b6d9547eec9.r2.dev/image/modern/322149.jpg","none","medium","standard","ps"
"264265","hippie","https://pub-5966bf5d84f948c983500b6d9547eec9.r2.dev/image/hippie/264265.jpg","none","medium","standard","ps"
"478277","modern","https://pub-5966bf5d84f948c983500b6d9547eec9.r2.dev/image/modern/478277.jpg","none","medium","standard","ps"
"1160970","feminine","https://pub-5966bf5d84f948c983500b6d9547eec9.r2.dev/image/feminine/1160970.jpg","allover","small","standard","pp,ps"
"1139023","feminine","https://pub-5966bf5d84f948c983500b6d9547eec9.r2.dev/image/feminine/1139023.jpg","none","small","standard","ps"
"273756","sophisticated","https://pub-5966bf5d84f948c983500b6d9547eec9.r2.dev/image/sophisticated/273756.jpg","none","medium","standard","ps"
"7517","resort","https://pub-5966bf5d84f948c983500b6d9547eec9.r2.dev/image/resort/7517.jpg","allover","medium","raw","trim,pp,ps"
"514591","romantic","https://pub-5966bf5d84f948c983500b6d9547eec9.r2.dev/image/romantic/514591.jpg","none","none","raw","trim"
"314411","feminine","https://pub-5966bf5d84f948c983500b6d9547eec9.r2.dev/image/feminine/314411.jpg","none","medium","standard","ps"
"546202","modern","https://pub-5966bf5d84f948c983500b6d9547eec9.r2.dev/image/modern/546202.jpg","none","medium","standard","ps"
"1193675","kitsch","https://pub-5966bf5d84f948c983500b6d9547eec9.r2.dev/image/kitsch/1193675.jpg","none","small","standard","ps"
"58755","resort","https://pub-5966bf5d84f948c983500b6d9547eec9.r2.dev/image/resort/58755.jpg","allover","medium","standard","pp,ps"
"40342","classic","https://pub-5966bf5d84f948c983500b6d9547eec9.r2.dev/image/classic/40342.jpg","none","medium","standard","ps"
"116916","romantic","https://pub-5966bf5d84f948c983500b6d9547eec9.r2.dev/image/romantic/116916.jpg","none","medium","raw","trim,ps"
"932435","feminine","https://pub-5966bf5d84f948c983500b6d9547eec9.r2.dev/image/feminine/932435.jpg","none","medium","standard","ps"
"546340","avant_garde","https://pub-5966bf5d84f948c983500b6d9547eec9.r2.dev/image/avant_garde/546340.jpg","none","medium","standard","ps"
"688073","kitsch","https://pub-5966bf5d84f948c983500b6d9547eec9.r2.dev/image/kitsch/688073.jpg","none","medium","standard","ps"
"204007","modern","https://pub-5966bf5d84f948c983500b6d9547eec9.r2.dev/image/modern/204007.jpg","none","medium","standard","ps"
"1298704","sexy","https://pub-5966bf5d84f948c983500b6d9547eec9.r2.dev/image/sexy/1298704.jpg","none","none","unknown","trim"
"469906","resort","https://pub-5966bf5d84f948c983500b6d9547eec9.r2.dev/image/resort/469906.jpg","none","medium","standard","ps"
"1171224","feminine","https://pub-5966bf5d84f948c983500b6d9547eec9.r2.dev/image/feminine/1171224.jpg","none","medium","standard","ps"
"1160422","classic","https://pub-5966bf5d84f948c983500b6d9547eec9.r2.dev/image/classic/1160422.jpg","allover","medium","standard","pp,ps"
"793142","sophisticated","https://pub-5966bf5d84f948c983500b6d9547eec9.r2.dev/image/sophisticated/793142.jpg","none","medium","standard","ps"
"878823","feminine","https://pub-5966bf5d84f948c983500b6d9547eec9.r2.dev/image/feminine/878823.jpg","none","none","raw","trim"
"221736","feminine","https://pub-5966bf5d84f948c983500b6d9547eec9.r2.dev/image/feminine/221736.jpg","none","none","raw","trim"
"1336932","romantic","https://pub-5966bf5d84f948c983500b6d9547eec9.r2.dev/image/romantic/1336932.jpg","none","medium","raw","trim,ps"
"323299","classic","https://pub-5966bf5d84f948c983500b6d9547eec9.r2.dev/image/classic/323299.jpg","none","none","raw","trim"
"101008","modern","https://pub-5966bf5d84f948c983500b6d9547eec9.r2.dev/image/modern/101008.jpg","none","medium","standard","ps"
"429296","country","https://pub-5966bf5d84f948c983500b6d9547eec9.r2.dev/image/country/429296.jpg","allover","medium","standard","pp,ps"
"84168","country","https://pub-5966bf5d84f948c983500b6d9547eec9.r2.dev/image/country/84168.jpg","allover","medium","standard","pp,ps"
"260020","resort","https://pub-5966bf5d84f948c983500b6d9547eec9.r2.dev/image/resort/260020.jpg","allover","none","standard","pp"
"1338847","feminine","https://pub-5966bf5d84f948c983500b6d9547eec9.r2.dev/image/feminine/1338847.jpg","none","medium","standard","ps"
"703815","sexy","https://pub-5966bf5d84f948c983500b6d9547eec9.r2.dev/image/sexy/703815.jpg","none","medium","standard","ps"
"465949","resort","https://pub-5966bf5d84f948c983500b6d9547eec9.r2.dev/image/resort/465949.jpg","none","medium","standard","ps"
"1027244","country","https://pub-5966bf5d84f948c983500b6d9547eec9.r2.dev/image/country/1027244.jpg","none","small","standard","ps"
"250520","romantic","https://pub-5966bf5d84f948c983500b6d9547eec9.r2.dev/image/romantic/250520.jpg","none","medium","standard","ps"
"142474","romantic","https://pub-5966bf5d84f948c983500b6d9547eec9.r2.dev/image/romantic/142474.jpg","none","none","raw","trim"
"968109","resort","https://pub-5966bf5d84f948c983500b6d9547eec9.r2.dev/image/resort/968109.jpg","none","medium","standard","ps"
"47858","sophisticated","https://pub-5966bf5d84f948c983500b6d9547eec9.r2.dev/image/sophisticated/47858.jpg","none","none","raw","trim"
"964544","sophisticated","https://pub-5966bf5d84f948c983500b6d9547eec9.r2.dev/image/sophisticated/964544.jpg","none","small","standard","ps"
"702066","romantic","https://pub-5966bf5d84f948c983500b6d9547eec9.r2.dev/image/romantic/702066.jpg","none","medium","standard","ps"
"752601","feminine","https://pub-5966bf5d84f948c983500b6d9547eec9.r2.dev/image/feminine/752601.jpg","allover","medium","standard","pp,ps"
"1170648","country","https://pub-5966bf5d84f948c983500b6d9547eec9.r2.dev/image/country/1170648.jpg","none","small","standard","ps"
"176253","resort","https://pub-5966bf5d84f948c983500b6d9547eec9.r2.dev/image/resort/176253.jpg","allover","medium","standard","pp,ps"
"1186925","resort","https://pub-5966bf5d84f948c983500b6d9547eec9.r2.dev/image/resort/1186925.jpg","none","small","banded","ps"
"1173327","resort","https://pub-5966bf5d84f948c983500b6d9547eec9.r2.dev/image/resort/1173327.jpg","allover","tiny","standard","pp,ps"
"1061731","mannish","https://pub-5966bf5d84f948c983500b6d9547eec9.r2.dev/image/mannish/1061731.jpg","none","none","frayed","trim"
"58585","resort","https://pub-5966bf5d84f948c983500b6d9547eec9.r2.dev/image/resort/58585.jpg","none","small","standard","ps"
"113329","romantic","https://pub-5966bf5d84f948c983500b6d9547eec9.r2.dev/image/romantic/113329.jpg","allover","medium","standard","pp,ps"
"292354","romantic","https://pub-5966bf5d84f948c983500b6d9547eec9.r2.dev/image/romantic/292354.jpg","allover","medium","standard","pp,ps"
"97940","resort","https://pub-5966bf5d84f948c983500b6d9547eec9.r2.dev/image/resort/97940.jpg","allover","small","standard","pp,ps"
"1072497","romantic","https://pub-5966bf5d84f948c983500b6d9547eec9.r2.dev/image/romantic/1072497.jpg","none","medium","standard","ps"
"553454","modern","https://pub-5966bf5d84f948c983500b6d9547eec9.r2.dev/image/modern/553454.jpg","none","medium","standard","ps"
"278240","avant_garde","https://pub-5966bf5d84f948c983500b6d9547eec9.r2.dev/image/avant_garde/278240.jpg","allover","medium","standard","pp,ps"
"1338952","sophisticated","https://pub-5966bf5d84f948c983500b6d9547eec9.r2.dev/image/sophisticated/1338952.jpg","none","none","raw","trim"
"771213","kitsch","https://pub-5966bf5d84f948c983500b6d9547eec9.r2.dev/image/kitsch/771213.jpg","none","medium","standard","ps"
"535241","feminine","https://pub-5966bf5d84f948c983500b6d9547eec9.r2.dev/image/feminine/535241.jpg","allover","small","standard","pp,ps"
"912929","resort","https://pub-5966bf5d84f948c983500b6d9547eec9.r2.dev/image/resort/912929.jpg","allover","medium","standard","pp,ps"
"1123422","modern","https://pub-5966bf5d84f948c983500b6d9547eec9.r2.dev/image/modern/1123422.jpg","none","medium","banded","ps"
"888625","classic","https://pub-5966bf5d84f948c983500b6d9547eec9.r2.dev/image/classic/888625.jpg","none","small","standard","ps"
"131415","feminine","https://pub-5966bf5d84f948c983500b6d9547eec9.r2.dev/image/feminine/131415.jpg","allover","medium","standard","pp,ps"
"1332824","resort","https://pub-5966bf5d84f948c983500b6d9547eec9.r2.dev/image/resort/1332824.jpg","none","medium","standard","ps"
"459625","romantic","https://pub-5966bf5d84f948c983500b6d9547eec9.r2.dev/image/romantic/459625.jpg","allover","medium","standard","pp,ps"
"459371","romantic","https://pub-5966bf5d84f948c983500b6d9547eec9.r2.dev/image/romantic/459371.jpg","allover","small","raw","trim,pp,ps"
"1278964","romantic","https://pub-5966bf5d84f948c983500b6d9547eec9.r2.dev/image/romantic/1278964.jpg","none","none","frayed","trim"
"238144","oriental","https://pub-5966bf5d84f948c983500b6d9547eec9.r2.dev/image/oriental/238144.jpg","none","medium","standard","ps"
"1040308","feminine","https://pub-5966bf5d84f948c983500b6d9547eec9.r2.dev/image/feminine/1040308.jpg","allover","small","standard","pp,ps"
"1050883","country","https://pub-5966bf5d84f948c983500b6d9547eec9.r2.dev/image/country/1050883.jpg","none","medium","banded","ps"
"1086520","hippie","https://pub-5966bf5d84f948c983500b6d9547eec9.r2.dev/image/hippie/1086520.jpg","none","none","raw","trim"
"176240","modern","https://pub-5966bf5d84f948c983500b6d9547eec9.r2.dev/image/modern/176240.jpg","allover","medium","standard","pp,ps"
"97864","resort","https://pub-5966bf5d84f948c983500b6d9547eec9.r2.dev/image/resort/97864.jpg","allover","medium","standard","pp,ps"
"358330","romantic","https://pub-5966bf5d84f948c983500b6d9547eec9.r2.dev/image/romantic/358330.jpg","none","medium","standard","ps"
"1020935","resort","https://pub-5966bf5d84f948c983500b6d9547eec9.r2.dev/image/resort/1020935.jpg","none","none","frayed","trim"
"548399","genderless","https://pub-5966bf5d84f948c983500b6d9547eec9.r2.dev/image/genderless/548399.jpg","none","medium","standard","ps"
"275647","hippie","https://pub-5966bf5d84f948c983500b6d9547eec9.r2.dev/image/hippie/275647.jpg","allover","none","standard","pp"
"919737","resort","https://pub-5966bf5d84f948c983500b6d9547eec9.r2.dev/image/resort/919737.jpg","none","medium","standard","ps"
"176016","resort","https://pub-5966bf5d84f948c983500b6d9547eec9.r2.dev/image/resort/176016.jpg","none","medium","standard","ps"
"61958","resort","https://pub-5966bf5d84f948c983500b6d9547eec9.r2.dev/image/resort/61958.jpg","allover","medium","standard","pp,ps"
"1044860","feminine","https://pub-5966bf5d84f948c983500b6d9547eec9.r2.dev/image/feminine/1044860.jpg","none","small","standard","ps"
"679734","resort","https://pub-5966bf5d84f948c983500b6d9547eec9.r2.dev/image/resort/679734.jpg","none","medium","standard","ps"
"448498","romantic","https://pub-5966bf5d84f948c983500b6d9547eec9.r2.dev/image/romantic/448498.jpg","allover","medium","standard","pp,ps"
"443","classic","https://pub-5966bf5d84f948c983500b6d9547eec9.r2.dev/image/classic/443.jpg","none","small","standard","ps"
"42598","sexy","https://pub-5966bf5d84f948c983500b6d9547eec9.r2.dev/image/sexy/42598.jpg","none","none","frayed","trim"
"1252807","classic","https://pub-5966bf5d84f948c983500b6d9547eec9.r2.dev/image/classic/1252807.jpg","none","medium","raw","trim,ps"
"298425","oriental","https://pub-5966bf5d84f948c983500b6d9547eec9.r2.dev/image/oriental/298425.jpg","none","medium","standard","ps"
"1120670","romantic","https://pub-5966bf5d84f948c983500b6d9547eec9.r2.dev/image/romantic/1120670.jpg","none","small","standard","ps"
"461231","romantic","https://pub-5966bf5d84f948c983500b6d9547eec9.r2.dev/image/romantic/461231.jpg","allover","medium","standard","pp,ps"
"797980","country","https://pub-5966bf5d84f948c983500b6d9547eec9.r2.dev/image/country/797980.jpg","none","medium","standard","ps"
"792034","preppy","https://pub-5966bf5d84f948c983500b6d9547eec9.r2.dev/image/preppy/792034.jpg","none","small","standard","ps"
"457572","feminine","https://pub-5966bf5d84f948c983500b6d9547eec9.r2.dev/image/feminine/457572.jpg","allover","small","standard","pp,ps"
"1167527","feminine","https://pub-5966bf5d84f948c983500b6d9547eec9.r2.dev/image/feminine/1167527.jpg","allover","small","standard","pp,ps"
"1074119","romantic","https://pub-5966bf5d84f948c983500b6d9547eec9.r2.dev/image/romantic/1074119.jpg","none","small","standard","ps"
"1351496","etc","https://pub-5966bf5d84f948c983500b6d9547eec9.r2.dev/image/etc/1351496.jpg","none","small","banded","ps"
"297552","country","https://pub-5966bf5d84f948c983500b6d9547eec9.r2.dev/image/country/297552.jpg","none","small","standard","ps"
"758756","feminine","https://pub-5966bf5d84f948c983500b6d9547eec9.r2.dev/image/feminine/758756.jpg","none","small","standard","ps"
"1071235","romantic","https://pub-5966bf5d84f948c983500b6d9547eec9.r2.dev/image/romantic/1071235.jpg","none","none","raw","trim"
"242743","modern","https://pub-5966bf5d84f948c983500b6d9547eec9.r2.dev/image/modern/242743.jpg","none","medium","banded","ps"
"190311","sporty","https://pub-5966bf5d84f948c983500b6d9547eec9.r2.dev/image/sporty/190311.jpg","none","small","standard","ps"
"511576","kitsch","https://pub-5966bf5d84f948c983500b6d9547eec9.r2.dev/image/kitsch/511576.jpg","none","medium","standard","ps"
"362511","feminine","https://pub-5966bf5d84f948c983500b6d9547eec9.r2.dev/image/feminine/362511.jpg","allover","small","standard","pp,ps"
"204847","feminine","https://pub-5966bf5d84f948c983500b6d9547eec9.r2.dev/image/feminine/204847.jpg","none","none","raw","trim"
"199377","country","https://pub-5966bf5d84f948c983500b6d9547eec9.r2.dev/image/country/199377.jpg","allover","medium","standard","pp,ps"
"572972","modern","https://pub-5966bf5d84f948c983500b6d9547eec9.r2.dev/image/modern/572972.jpg","none","medium","standard","ps"
"971934","romantic","https://pub-5966bf5d84f948c983500b6d9547eec9.r2.dev/image/romantic/971934.jpg","none","medium","raw","trim,ps"
"1282485","modern","https://pub-5966bf5d84f948c983500b6d9547eec9.r2.dev/image/modern/1282485.jpg","none","medium","standard","ps"
"783126","romantic","https://pub-5966bf5d84f948c983500b6d9547eec9.r2.dev/image/romantic/783126.jpg","none","medium","standard","ps"
"1277551","resort","https://pub-5966bf5d84f948c983500b6d9547eec9.r2.dev/image/resort/1277551.jpg","none","none","raw","trim"
"1316890","romantic","https://pub-5966bf5d84f948c983500b6d9547eec9.r2.dev/image/romantic/1316890.jpg","none","small","standard","ps"
"194575","sexy","https://pub-5966bf5d84f948c983500b6d9547eec9.r2.dev/image/sexy/194575.jpg","none","small","standard","ps"
"614706","romantic","https://pub-5966bf5d84f948c983500b6d9547eec9.r2.dev/image/romantic/614706.jpg","none","small","standard","ps"
"1222090","country","https://pub-5966bf5d84f948c983500b6d9547eec9.r2.dev/image/country/1222090.jpg","none","none","raw","trim"
"429162","resort","https://pub-5966bf5d84f948c983500b6d9547eec9.r2.dev/image/resort/429162.jpg","allover","medium","standard","pp,ps"
"812306","resort","https://pub-5966bf5d84f948c983500b6d9547eec9.r2.dev/image/resort/812306.jpg","allover","medium","standard","pp,ps"
"278292","classic","https://pub-5966bf5d84f948c983500b6d9547eec9.r2.dev/image/classic/278292.jpg","allover","medium","standard","pp,ps"
"530839","romantic","https://pub-5966bf5d84f948c983500b6d9547eec9.r2.dev/image/romantic/530839.jpg","allover","medium","standard","pp,ps"
"1093420","sexy","https://pub-5966bf5d84f948c983500b6d9547eec9.r2.dev/image/sexy/1093420.jpg","none","small","unknown","trim,ps"
"1020806","resort","https://pub-5966bf5d84f948c983500b6d9547eec9.r2.dev/image/resort/1020806.jpg","none","small","standard","ps"
"205956","hippie","https://pub-5966bf5d84f948c983500b6d9547eec9.r2.dev/image/hippie/205956.jpg","none","medium","standard","ps"
"451917","feminine","https://pub-5966bf5d84f948c983500b6d9547eec9.r2.dev/image/feminine/451917.jpg","none","small","standard","ps"
"1125531","resort","https://pub-5966bf5d84f948c983500b6d9547eec9.r2.dev/image/resort/1125531.jpg","none","none","raw","trim"
"1204613","romantic","https://pub-5966bf5d84f948c983500b6d9547eec9.r2.dev/image/romantic/1204613.jpg","allover","medium","standard","pp,ps"
"116597","retro","https://pub-5966bf5d84f948c983500b6d9547eec9.r2.dev/image/retro/116597.jpg","allover","medium","standard","pp,ps"
"107960","sophisticated","https://pub-5966bf5d84f948c983500b6d9547eec9.r2.dev/image/sophisticated/107960.jpg","none","medium","standard","ps"
"609371","country","https://pub-5966bf5d84f948c983500b6d9547eec9.r2.dev/image/country/609371.jpg","none","medium","standard","ps"
"1057373","modern","https://pub-5966bf5d84f948c983500b6d9547eec9.r2.dev/image/modern/1057373.jpg","none","small","banded","ps"
"142911","oriental","https://pub-5966bf5d84f948c983500b6d9547eec9.r2.dev/image/oriental/142911.jpg","allover","medium","standard","pp,ps"
"147730","resort","https://pub-5966bf5d84f948c983500b6d9547eec9.r2.dev/image/resort/147730.jpg","none","none","raw","trim"
"406415","modern","https://pub-5966bf5d84f948c983500b6d9547eec9.r2.dev/image/modern/406415.jpg","allover","medium","standard","pp,ps"
"142347","resort","https://pub-5966bf5d84f948c983500b6d9547eec9.r2.dev/image/resort/142347.jpg","allover","medium","standard","pp,ps"
"238362","romantic","https://pub-5966bf5d84f948c983500b6d9547eec9.r2.dev/image/romantic/238362.jpg","allover","medium","standard","pp,ps"
"1200692","romantic","https://pub-5966bf5d84f948c983500b6d9547eec9.r2.dev/image/romantic/1200692.jpg","none","medium","raw","trim,ps"
"131448","feminine","https://pub-5966bf5d84f948c983500b6d9547eec9.r2.dev/image/feminine/131448.jpg","allover","medium","standard","pp,ps"
"615012","romantic","https://pub-5966bf5d84f948c983500b6d9547eec9.r2.dev/image/romantic/615012.jpg","none","small","standard","ps"
"191706","sexy","https://pub-5966bf5d84f948c983500b6d9547eec9.r2.dev/image/sexy/191706.jpg","none","medium","standard","ps"
"528028","retro","https://pub-5966bf5d84f948c983500b6d9547eec9.r2.dev/image/retro/528028.jpg","none","small","banded","ps"
"1227656","modern","https://pub-5966bf5d84f948c983500b6d9547eec9.r2.dev/image/modern/1227656.jpg","allover","medium","standard","pp,ps"
"756864","romantic","https://pub-5966bf5d84f948c983500b6d9547eec9.r2.dev/image/romantic/756864.jpg","none","medium","standard","ps"
"715250","retro","https://pub-5966bf5d84f948c983500b6d9547eec9.r2.dev/image/retro/715250.jpg","none","medium","standard","ps"
"778732","hippie","https://pub-5966bf5d84f948c983500b6d9547eec9.r2.dev/image/hippie/778732.jpg","none","medium","standard","ps"
"365307","romantic","https://pub-5966bf5d84f948c983500b6d9547eec9.r2.dev/image/romantic/365307.jpg","allover","medium","standard","pp,ps"
"483253","country","https://pub-5966bf5d84f948c983500b6d9547eec9.r2.dev/image/country/483253.jpg","none","none","raw","trim"
"1298939","romantic","https://pub-5966bf5d84f948c983500b6d9547eec9.r2.dev/image/romantic/1298939.jpg","none","none","frayed","trim"
"1302287","retro","https://pub-5966bf5d84f948c983500b6d9547eec9.r2.dev/image/retro/1302287.jpg","none","medium","standard","ps"
"523874","resort","https://pub-5966bf5d84f948c983500b6d9547eec9.r2.dev/image/resort/523874.jpg","none","medium","standard","ps"
"1319381","modern","https://pub-5966bf5d84f948c983500b6d9547eec9.r2.dev/image/modern/1319381.jpg","none","medium","standard","ps"
"821004","preppy","https://pub-5966bf5d84f948c983500b6d9547eec9.r2.dev/image/preppy/821004.jpg","none","small","standard","ps"
"315771","resort","https://pub-5966bf5d84f948c983500b6d9547eec9.r2.dev/image/resort/315771.jpg","none","none","raw","trim"
"803430","romantic","https://pub-5966bf5d84f948c983500b6d9547eec9.r2.dev/image/romantic/803430.jpg","allover","none","standard","pp"
"56508","modern","https://pub-5966bf5d84f948c983500b6d9547eec9.r2.dev/image/modern/56508.jpg","none","medium","standard","ps"
"56522","feminine","https://pub-5966bf5d84f948c983500b6d9547eec9.r2.dev/image/feminine/56522.jpg","allover","medium","standard","pp,ps"
"472914","feminine","https://pub-5966bf5d84f948c983500b6d9547eec9.r2.dev/image/feminine/472914.jpg","allover","small","standard","pp,ps"
"1118999","avant_garde","https://pub-5966bf5d84f948c983500b6d9547eec9.r2.dev/image/avant_garde/1118999.jpg","none","medium","banded","ps"
"679079","resort","https://pub-5966bf5d84f948c983500b6d9547eec9.r2.dev/image/resort/679079.jpg","allover","small","standard","pp,ps"
"1153297","sophisticated","https://pub-5966bf5d84f948c983500b6d9547eec9.r2.dev/image/sophisticated/1153297.jpg","none","medium","standard","ps"
"1277993","romantic","https://pub-5966bf5d84f948c983500b6d9547eec9.r2.dev/image/romantic/1277993.jpg","none","none","raw","trim"
"789910","romantic","https://pub-5966bf5d84f948c983500b6d9547eec9.r2.dev/image/romantic/789910.jpg","none","medium","standard","ps"
"487584","country","https://pub-5966bf5d84f948c983500b6d9547eec9.r2.dev/image/country/487584.jpg","none","medium","standard","ps"
"1022840","feminine","https://pub-5966bf5d84f948c983500b6d9547eec9.r2.dev/image/feminine/1022840.jpg","none","none","raw","trim"
"49009","modern","https://pub-5966bf5d84f948c983500b6d9547eec9.r2.dev/image/modern/49009.jpg","none","medium","standard","ps"
"404267","tomboy","https://pub-5966bf5d84f948c983500b6d9547eec9.r2.dev/image/tomboy/404267.jpg","allover","medium","standard","pp,ps"
"1045735","modern","https://pub-5966bf5d84f948c983500b6d9547eec9.r2.dev/image/modern/1045735.jpg","none","small","standard","ps"
"516114","romantic","https://pub-5966bf5d84f948c983500b6d9547eec9.r2.dev/image/romantic/516114.jpg","allover","medium","standard","pp,ps"
"429285","country","https://pub-5966bf5d84f948c983500b6d9547eec9.r2.dev/image/country/429285.jpg","allover","medium","standard","pp,ps"
"693763","romantic","https://pub-5966bf5d84f948c983500b6d9547eec9.r2.dev/image/romantic/693763.jpg","none","medium","standard","ps"
"430620","retro","https://pub-5966bf5d84f948c983500b6d9547eec9.r2.dev/image/retro/430620.jpg","allover","medium","raw","trim,pp,ps"
"261880","romantic","https://pub-5966bf5d84f948c983500b6d9547eec9.r2.dev/image/romantic/261880.jpg","none","none","raw","trim"
"935250","feminine","https://pub-5966bf5d84f948c983500b6d9547eec9.r2.dev/image/feminine/935250.jpg","none","small","standard","ps"
"789445","hippie","https://pub-5966bf5d84f948c983500b6d9547eec9.r2.dev/image/hippie/789445.jpg","none","medium","standard","ps"
"469114","sexy","https://pub-5966bf5d84f948c983500b6d9547eec9.r2.dev/image/sexy/469114.jpg","allover","medium","standard","pp,ps"
"516254","romantic","https://pub-5966bf5d84f948c983500b6d9547eec9.r2.dev/image/romantic/516254.jpg","none","medium","standard","ps"
"1168356","romantic","https://pub-5966bf5d84f948c983500b6d9547eec9.r2.dev/image/romantic/1168356.jpg","none","small","standard","ps"
"372526","romantic","https://pub-5966bf5d84f948c983500b6d9547eec9.r2.dev/image/romantic/372526.jpg","none","small","standard","ps"
"448582","romantic","https://pub-5966bf5d84f948c983500b6d9547eec9.r2.dev/image/romantic/448582.jpg","allover","none","standard","pp"
"1230597","resort","https://pub-5966bf5d84f948c983500b6d9547eec9.r2.dev/image/resort/1230597.jpg","none","none","raw","trim"
"535393","romantic","https://pub-5966bf5d84f948c983500b6d9547eec9.r2.dev/image/romantic/535393.jpg","none","none","raw","trim"
"933030","romantic","https://pub-5966bf5d84f948c983500b6d9547eec9.r2.dev/image/romantic/933030.jpg","allover","small","standard","pp,ps"
"456787","romantic","https://pub-5966bf5d84f948c983500b6d9547eec9.r2.dev/image/romantic/456787.jpg","allover","medium","standard","pp,ps"
"458884","retro","https://pub-5966bf5d84f948c983500b6d9547eec9.r2.dev/image/retro/458884.jpg","none","small","standard","ps"
"353614","mannish","https://pub-5966bf5d84f948c983500b6d9547eec9.r2.dev/image/mannish/353614.jpg","none","medium","standard","ps"
"691472","hippie","https://pub-5966bf5d84f948c983500b6d9547eec9.r2.dev/image/hippie/691472.jpg","none","small","standard","ps"
"1178899","classic","https://pub-5966bf5d84f948c983500b6d9547eec9.r2.dev/image/classic/1178899.jpg","none","small","standard","ps"
"775167","retro","https://pub-5966bf5d84f948c983500b6d9547eec9.r2.dev/image/retro/775167.jpg","none","medium","standard","ps"
"603296","classic","https://pub-5966bf5d84f948c983500b6d9547eec9.r2.dev/image/classic/603296.jpg","none","medium","standard","ps"
"530416","romantic","https://pub-5966bf5d84f948c983500b6d9547eec9.r2.dev/image/romantic/530416.jpg","none","small","banded","ps"
"1123763","feminine","https://pub-5966bf5d84f948c983500b6d9547eec9.r2.dev/image/feminine/1123763.jpg","none","small","standard","ps"
"189556","feminine","https://pub-5966bf5d84f948c983500b6d9547eec9.r2.dev/image/feminine/189556.jpg","none","medium","standard","ps"
"1032671","classic","https://pub-5966bf5d84f948c983500b6d9547eec9.r2.dev/image/classic/1032671.jpg","none","small","banded","ps"
"330943","resort","https://pub-5966bf5d84f948c983500b6d9547eec9.r2.dev/image/resort/330943.jpg","none","medium","standard","ps"
"282304","sporty","https://pub-5966bf5d84f948c983500b6d9547eec9.r2.dev/image/sporty/282304.jpg","none","small","standard","ps"
"969103","sexy","https://pub-5966bf5d84f948c983500b6d9547eec9.r2.dev/image/sexy/969103.jpg","none","medium","standard","ps"
"1004704","resort","https://pub-5966bf5d84f948c983500b6d9547eec9.r2.dev/image/resort/1004704.jpg","none","small","standard","ps"
"162759","kitsch","https://pub-5966bf5d84f948c983500b6d9547eec9.r2.dev/image/kitsch/162759.jpg","none","medium","banded","ps"
"530828","resort","https://pub-5966bf5d84f948c983500b6d9547eec9.r2.dev/image/resort/530828.jpg","none","small","standard","ps"
"606217","classic","https://pub-5966bf5d84f948c983500b6d9547eec9.r2.dev/image/classic/606217.jpg","none","medium","standard","ps"
"46570","resort","https://pub-5966bf5d84f948c983500b6d9547eec9.r2.dev/image/resort/46570.jpg","none","medium","standard","ps"
"74616","feminine","https://pub-5966bf5d84f948c983500b6d9547eec9.r2.dev/image/feminine/74616.jpg","none","medium","standard","ps"
"1053908","romantic","https://pub-5966bf5d84f948c983500b6d9547eec9.r2.dev/image/romantic/1053908.jpg","none","medium","standard","ps"
"590900","modern","https://pub-5966bf5d84f948c983500b6d9547eec9.r2.dev/image/modern/590900.jpg","none","medium","standard","ps"
"447767","country","https://pub-5966bf5d84f948c983500b6d9547eec9.r2.dev/image/country/447767.jpg","allover","medium","standard","pp,ps"
"971654","feminine","https://pub-5966bf5d84f948c983500b6d9547eec9.r2.dev/image/feminine/971654.jpg","none","small","raw","trim,ps"
"1204284","romantic","https://pub-5966bf5d84f948c983500b6d9547eec9.r2.dev/image/romantic/1204284.jpg","none","medium","standard","ps"
"258403","sophisticated","https://pub-5966bf5d84f948c983500b6d9547eec9.r2.dev/image/sophisticated/258403.jpg","none","none","raw","trim"
"130901","resort","https://pub-5966bf5d84f948c983500b6d9547eec9.r2.dev/image/resort/130901.jpg","allover","small","standard","pp,ps"
"362364","romantic","https://pub-5966bf5d84f948c983500b6d9547eec9.r2.dev/image/romantic/362364.jpg","none","medium","standard","ps"
"146419","feminine","https://pub-5966bf5d84f948c983500b6d9547eec9.r2.dev/image/feminine/146419.jpg","none","none","rolled","trim"
"204496","feminine","https://pub-5966bf5d84f948c983500b6d9547eec9.r2.dev/image/feminine/204496.jpg","none","medium","standard","ps"
"430349","avant_garde","https://pub-5966bf5d84f948c983500b6d9547eec9.r2.dev/image/avant_garde/430349.jpg","allover","medium","standard","pp,ps"
"408420","modern","https://pub-5966bf5d84f948c983500b6d9547eec9.r2.dev/image/modern/408420.jpg","allover","medium","standard","pp,ps"
"218082","romantic","https://pub-5966bf5d84f948c983500b6d9547eec9.r2.dev/image/romantic/218082.jpg","allover","medium","standard","pp,ps"
"1231710","romantic","https://pub-5966bf5d84f948c983500b6d9547eec9.r2.dev/image/romantic/1231710.jpg","none","none","raw","trim"
"511855","feminine","https://pub-5966bf5d84f948c983500b6d9547eec9.r2.dev/image/feminine/511855.jpg","none","none","raw","trim"
"681444","kitsch","https://pub-5966bf5d84f948c983500b6d9547eec9.r2.dev/image/kitsch/681444.jpg","none","medium","standard","ps"
"852612","sexy","https://pub-5966bf5d84f948c983500b6d9547eec9.r2.dev/image/sexy/852612.jpg","none","small","standard","ps"
"692360","sporty","https://pub-5966bf5d84f948c983500b6d9547eec9.r2.dev/image/sporty/692360.jpg","none","small","standard","ps"
"784842","retro","https://pub-5966bf5d84f948c983500b6d9547eec9.r2.dev/image/retro/784842.jpg","none","small","standard","ps"
"51143","feminine","https://pub-5966bf5d84f948c983500b6d9547eec9.r2.dev/image/feminine/51143.jpg","none","none","raw","trim"
"1090090","romantic","https://pub-5966bf5d84f948c983500b6d9547eec9.r2.dev/image/romantic/1090090.jpg","none","small","standard","ps"
"616426","romantic","https://pub-5966bf5d84f948c983500b6d9547eec9.r2.dev/image/romantic/616426.jpg","none","medium","standard","ps"
"686994","hippie","https://pub-5966bf5d84f948c983500b6d9547eec9.r2.dev/image/hippie/686994.jpg","none","medium","standard","ps"
"957301","feminine","https://pub-5966bf5d84f948c983500b6d9547eec9.r2.dev/image/feminine/957301.jpg","none","small","standard","ps"
"503481","modern","https://pub-5966bf5d84f948c983500b6d9547eec9.r2.dev/image/modern/503481.jpg","none","small","standard","ps"
"546886","hippie","https://pub-5966bf5d84f948c983500b6d9547eec9.r2.dev/image/hippie/546886.jpg","none","medium","standard","ps"
"311271","sophisticated","https://pub-5966bf5d84f948c983500b6d9547eec9.r2.dev/image/sophisticated/311271.jpg","none","medium","standard","ps"
"412990","romantic","https://pub-5966bf5d84f948c983500b6d9547eec9.r2.dev/image/romantic/412990.jpg","allover","medium","standard","pp,ps"
"78429","feminine","https://pub-5966bf5d84f948c983500b6d9547eec9.r2.dev/image/feminine/78429.jpg","none","none","raw","trim"
"325303","romantic","https://pub-5966bf5d84f948c983500b6d9547eec9.r2.dev/image/romantic/325303.jpg","none","none","raw","trim"
"1087521","resort","https://pub-5966bf5d84f948c983500b6d9547eec9.r2.dev/image/resort/1087521.jpg","none","none","raw","trim"
"1335235","feminine","https://pub-5966bf5d84f948c983500b6d9547eec9.r2.dev/image/feminine/1335235.jpg","allover","medium","standard","pp,ps"
"1348266","etc","https://pub-5966bf5d84f948c983500b6d9547eec9.r2.dev/image/etc/1348266.jpg","none","large","banded","ps"
"546978","hippie","https://pub-5966bf5d84f948c983500b6d9547eec9.r2.dev/image/hippie/546978.jpg","none","medium","standard","ps"
"468366","modern","https://pub-5966bf5d84f948c983500b6d9547eec9.r2.dev/image/modern/468366.jpg","allover","medium","standard","pp,ps"
"546331","avant_garde","https://pub-5966bf5d84f948c983500b6d9547eec9.r2.dev/image/avant_garde/546331.jpg","none","medium","standard","ps"
"1307176","classic","https://pub-5966bf5d84f948c983500b6d9547eec9.r2.dev/image/classic/1307176.jpg","none","small","standard","ps"
"105711","retro","https://pub-5966bf5d84f948c983500b6d9547eec9.r2.dev/image/retro/105711.jpg","allover","medium","standard","pp,ps"
"577418","country","https://pub-5966bf5d84f948c983500b6d9547eec9.r2.dev/image/country/577418.jpg","none","medium","standard","ps"
"493019","classic","https://pub-5966bf5d84f948c983500b6d9547eec9.r2.dev/image/classic/493019.jpg","none","small","banded","ps"
"1073287","resort","https://pub-5966bf5d84f948c983500b6d9547eec9.r2.dev/image/resort/1073287.jpg","none","small","standard","ps"
"554703","hippie","https://pub-5966bf5d84f948c983500b6d9547eec9.r2.dev/image/hippie/554703.jpg","none","medium","standard","ps"
"1302262","feminine","https://pub-5966bf5d84f948c983500b6d9547eec9.r2.dev/image/feminine/1302262.jpg","none","none","unknown","trim"
"114868","feminine","https://pub-5966bf5d84f948c983500b6d9547eec9.r2.dev/image/feminine/114868.jpg","none","medium","banded","ps"
"92150","hippie","https://pub-5966bf5d84f948c983500b6d9547eec9.r2.dev/image/hippie/92150.jpg","none","medium","standard","ps"
"444023","kitsch","https://pub-5966bf5d84f948c983500b6d9547eec9.r2.dev/image/kitsch/444023.jpg","none","small","banded","ps"
"69601","feminine","https://pub-5966bf5d84f948c983500b6d9547eec9.r2.dev/image/feminine/69601.jpg","allover","medium","standard","pp,ps"
"649690","classic","https://pub-5966bf5d84f948c983500b6d9547eec9.r2.dev/image/classic/649690.jpg","none","small","raw","trim,ps"
"327557","country","https://pub-5966bf5d84f948c983500b6d9547eec9.r2.dev/image/country/327557.jpg","allover","medium","standard","pp,ps"
"362528","feminine","https://pub-5966bf5d84f948c983500b6d9547eec9.r2.dev/image/feminine/362528.jpg","none","medium","standard","ps"
"1181413","resort","https://pub-5966bf5d84f948c983500b6d9547eec9.r2.dev/image/resort/1181413.jpg","allover","medium","standard","pp,ps"
"855897","feminine","https://pub-5966bf5d84f948c983500b6d9547eec9.r2.dev/image/feminine/855897.jpg","none","small","standard","ps"
"181304","resort","https://pub-5966bf5d84f948c983500b6d9547eec9.r2.dev/image/resort/181304.jpg","allover","medium","standard","pp,ps"
"278846","modern","https://pub-5966bf5d84f948c983500b6d9547eec9.r2.dev/image/modern/278846.jpg","none","none","raw","trim"
"574119","feminine","https://pub-5966bf5d84f948c983500b6d9547eec9.r2.dev/image/feminine/574119.jpg","none","medium","standard","ps"
"116888","romantic","https://pub-5966bf5d84f948c983500b6d9547eec9.r2.dev/image/romantic/116888.jpg","none","medium","standard","ps"
"116118","modern","https://pub-5966bf5d84f948c983500b6d9547eec9.r2.dev/image/modern/116118.jpg","none","medium","standard","ps"
"1161249","feminine","https://pub-5966bf5d84f948c983500b6d9547eec9.r2.dev/image/feminine/1161249.jpg","none","medium","standard","ps"
"404088","retro","https://pub-5966bf5d84f948c983500b6d9547eec9.r2.dev/image/retro/404088.jpg","none","medium","standard","ps"
"536798","oriental","https://pub-5966bf5d84f948c983500b6d9547eec9.r2.dev/image/oriental/536798.jpg","none","medium","standard","ps"
"482476","feminine","https://pub-5966bf5d84f948c983500b6d9547eec9.r2.dev/image/feminine/482476.jpg","none","none","raw","trim"
"1009800","sporty","https://pub-5966bf5d84f948c983500b6d9547eec9.r2.dev/image/sporty/1009800.jpg","none","small","banded","ps"
"550967","feminine","https://pub-5966bf5d84f948c983500b6d9547eec9.r2.dev/image/feminine/550967.jpg","none","small","standard","ps"
"910663","resort","https://pub-5966bf5d84f948c983500b6d9547eec9.r2.dev/image/resort/910663.jpg","none","small","standard","ps"
"702215","resort","https://pub-5966bf5d84f948c983500b6d9547eec9.r2.dev/image/resort/702215.jpg","none","medium","standard","ps"
"423736","resort","https://pub-5966bf5d84f948c983500b6d9547eec9.r2.dev/image/resort/423736.jpg","none","none","raw","trim"
"1185365","feminine","https://pub-5966bf5d84f948c983500b6d9547eec9.r2.dev/image/feminine/1185365.jpg","allover","medium","standard","pp,ps"
"1235443","resort","https://pub-5966bf5d84f948c983500b6d9547eec9.r2.dev/image/resort/1235443.jpg","none","medium","raw","trim,ps"
"1224847","resort","https://pub-5966bf5d84f948c983500b6d9547eec9.r2.dev/image/resort/1224847.jpg","none","medium","standard","ps"
"956316","preppy","https://pub-5966bf5d84f948c983500b6d9547eec9.r2.dev/image/preppy/956316.jpg","none","medium","standard","ps"
"788720","retro","https://pub-5966bf5d84f948c983500b6d9547eec9.r2.dev/image/retro/788720.jpg","none","medium","standard","ps"
"478202","retro","https://pub-5966bf5d84f948c983500b6d9547eec9.r2.dev/image/retro/478202.jpg","none","medium","standard","ps"
"137851","resort","https://pub-5966bf5d84f948c983500b6d9547eec9.r2.dev/image/resort/137851.jpg","none","none","raw","trim"
"612029","kitsch","https://pub-5966bf5d84f948c983500b6d9547eec9.r2.dev/image/kitsch/612029.jpg","none","medium","banded","ps"
"1295898","feminine","https://pub-5966bf5d84f948c983500b6d9547eec9.r2.dev/image/feminine/1295898.jpg","allover","small","standard","pp,ps"
"991802","genderless","https://pub-5966bf5d84f948c983500b6d9547eec9.r2.dev/image/genderless/991802.jpg","none","small","unknown","trim,ps"
"1044584","sporty","https://pub-5966bf5d84f948c983500b6d9547eec9.r2.dev/image/sporty/1044584.jpg","none","small","standard","ps"
"147617","oriental","https://pub-5966bf5d84f948c983500b6d9547eec9.r2.dev/image/oriental/147617.jpg","allover","medium","standard","pp,ps"
"429084","feminine","https://pub-5966bf5d84f948c983500b6d9547eec9.r2.dev/image/feminine/429084.jpg","none","medium","standard","ps"
"580357","resort","https://pub-5966bf5d84f948c983500b6d9547eec9.r2.dev/image/resort/580357.jpg","none","medium","standard","ps"
"1323695","modern","https://pub-5966bf5d84f948c983500b6d9547eec9.r2.dev/image/modern/1323695.jpg","none","small","standard","ps"
"313849","sophisticated","https://pub-5966bf5d84f948c983500b6d9547eec9.r2.dev/image/sophisticated/313849.jpg","none","none","raw","trim"
"116229","feminine","https://pub-5966bf5d84f948c983500b6d9547eec9.r2.dev/image/feminine/116229.jpg","allover","medium","standard","pp,ps"
"649857","classic","https://pub-5966bf5d84f948c983500b6d9547eec9.r2.dev/image/classic/649857.jpg","none","small","standard","ps"
"996540","sophisticated","https://pub-5966bf5d84f948c983500b6d9547eec9.r2.dev/image/sophisticated/996540.jpg","none","small","banded","ps"
"196056","feminine","https://pub-5966bf5d84f948c983500b6d9547eec9.r2.dev/image/feminine/196056.jpg","allover","medium","standard","pp,ps"
"102202","mannish","https://pub-5966bf5d84f948c983500b6d9547eec9.r2.dev/image/mannish/102202.jpg","none","medium","standard","ps"
"689581","modern","https://pub-5966bf5d84f948c983500b6d9547eec9.r2.dev/image/modern/689581.jpg","none","medium","standard","ps"
"117333","feminine","https://pub-5966bf5d84f948c983500b6d9547eec9.r2.dev/image/feminine/117333.jpg","allover","medium","standard","pp,ps"
"194588","sexy","https://pub-5966bf5d84f948c983500b6d9547eec9.r2.dev/image/sexy/194588.jpg","none","medium","standard","ps"
"54578","country","https://pub-5966bf5d84f948c983500b6d9547eec9.r2.dev/image/country/54578.jpg","none","medium","banded","ps"
"578005","tomboy","https://pub-5966bf5d84f948c983500b6d9547eec9.r2.dev/image/tomboy/578005.jpg","none","medium","standard","ps"
"1154608","modern","https://pub-5966bf5d84f948c983500b6d9547eec9.r2.dev/image/modern/1154608.jpg","none","none","raw","trim"
"471801","resort","https://pub-5966bf5d84f948c983500b6d9547eec9.r2.dev/image/resort/471801.jpg","allover","small","standard","pp,ps"
"488927","classic","https://pub-5966bf5d84f948c983500b6d9547eec9.r2.dev/image/classic/488927.jpg","none","small","banded","ps"
"1264109","feminine","https://pub-5966bf5d84f948c983500b6d9547eec9.r2.dev/image/feminine/1264109.jpg","none","none","raw","trim"
"449396","resort","https://pub-5966bf5d84f948c983500b6d9547eec9.r2.dev/image/resort/449396.jpg","allover","medium","raw","trim,pp,ps"
"85923","feminine","https://pub-5966bf5d84f948c983500b6d9547eec9.r2.dev/image/feminine/85923.jpg","none","medium","standard","ps"
"469838","preppy","https://pub-5966bf5d84f948c983500b6d9547eec9.r2.dev/image/preppy/469838.jpg","allover","medium","standard","pp,ps"
"1351436","etc","https://pub-5966bf5d84f948c983500b6d9547eec9.r2.dev/image/etc/1351436.jpg","none","small","banded","ps"
"1184575","modern","https://pub-5966bf5d84f948c983500b6d9547eec9.r2.dev/image/modern/1184575.jpg","none","small","banded","ps"
"597557","tomboy","https://pub-5966bf5d84f948c983500b6d9547eec9.r2.dev/image/tomboy/597557.jpg","none","medium","standard","ps"
"943662","classic","https://pub-5966bf5d84f948c983500b6d9547eec9.r2.dev/image/classic/943662.jpg","allover","medium","standard","pp,ps"
"341433","classic","https://pub-5966bf5d84f948c983500b6d9547eec9.r2.dev/image/classic/341433.jpg","none","medium","standard","ps"
"572369","country","https://pub-5966bf5d84f948c983500b6d9547eec9.r2.dev/image/country/572369.jpg","none","medium","standard","ps"
"932277","country","https://pub-5966bf5d84f948c983500b6d9547eec9.r2.dev/image/country/932277.jpg","none","medium","standard","ps"
"264382","classic","https://pub-5966bf5d84f948c983500b6d9547eec9.r2.dev/image/classic/264382.jpg","allover","medium","standard","pp,ps"
"486401","retro","https://pub-5966bf5d84f948c983500b6d9547eec9.r2.dev/image/retro/486401.jpg","allover","medium","standard","pp,ps"
"621715","country","https://pub-5966bf5d84f948c983500b6d9547eec9.r2.dev/image/country/621715.jpg","allover","none","standard","pp"
"1106046","modern","https://pub-5966bf5d84f948c983500b6d9547eec9.r2.dev/image/modern/1106046.jpg","none","small","banded","ps"
"1071172","feminine","https://pub-5966bf5d84f948c983500b6d9547eec9.r2.dev/image/feminine/1071172.jpg","allover","medium","standard","pp,ps"
"936075","oriental","https://pub-5966bf5d84f948c983500b6d9547eec9.r2.dev/image/oriental/936075.jpg","allover","medium","standard","pp,ps"
"1073659","feminine","https://pub-5966bf5d84f948c983500b6d9547eec9.r2.dev/image/feminine/1073659.jpg","allover","small","standard","pp,ps"
"148777","hippie","https://pub-5966bf5d84f948c983500b6d9547eec9.r2.dev/image/hippie/148777.jpg","none","medium","standard","ps"
"258539","classic","https://pub-5966bf5d84f948c983500b6d9547eec9.r2.dev/image/classic/258539.jpg","allover","medium","standard","pp,ps"
"1350297","etc","https://pub-5966bf5d84f948c983500b6d9547eec9.r2.dev/image/etc/1350297.jpg","none","none","unknown","trim"
"247506","feminine","https://pub-5966bf5d84f948c983500b6d9547eec9.r2.dev/image/feminine/247506.jpg","none","medium","standard","ps"
"1064508","modern","https://pub-5966bf5d84f948c983500b6d9547eec9.r2.dev/image/modern/1064508.jpg","none","small","standard","ps"
"101660","feminine","https://pub-5966bf5d84f948c983500b6d9547eec9.r2.dev/image/feminine/101660.jpg","none","medium","standard","ps"
"1344468","feminine","https://pub-5966bf5d84f948c983500b6d9547eec9.r2.dev/image/feminine/1344468.jpg","none","small","standard","ps"
"1240411","resort","https://pub-5966bf5d84f948c983500b6d9547eec9.r2.dev/image/resort/1240411.jpg","none","none","raw","trim"
"910385","feminine","https://pub-5966bf5d84f948c983500b6d9547eec9.r2.dev/image/feminine/910385.jpg","none","small","standard","ps"
"704626","sexy","https://pub-5966bf5d84f948c983500b6d9547eec9.r2.dev/image/sexy/704626.jpg","none","none","raw","trim"
"458361","resort","https://pub-5966bf5d84f948c983500b6d9547eec9.r2.dev/image/resort/458361.jpg","allover","small","standard","pp,ps"
"506119","retro","https://pub-5966bf5d84f948c983500b6d9547eec9.r2.dev/image/retro/506119.jpg","none","small","raw","trim,ps"
"223741","feminine","https://pub-5966bf5d84f948c983500b6d9547eec9.r2.dev/image/feminine/223741.jpg","none","medium","standard","ps"
"936240","feminine","https://pub-5966bf5d84f948c983500b6d9547eec9.r2.dev/image/feminine/936240.jpg","none","medium","standard","ps"
"1218520","feminine","https://pub-5966bf5d84f948c983500b6d9547eec9.r2.dev/image/feminine/1218520.jpg","none","small","banded","ps"
"83163","feminine","https://pub-5966bf5d84f948c983500b6d9547eec9.r2.dev/image/feminine/83163.jpg","none","none","raw","trim"
"1172693","feminine","https://pub-5966bf5d84f948c983500b6d9547eec9.r2.dev/image/feminine/1172693.jpg","allover","medium","standard","pp,ps"
"1204393","resort","https://pub-5966bf5d84f948c983500b6d9547eec9.r2.dev/image/resort/1204393.jpg","allover","none","standard","pp"
"428341","country","https://pub-5966bf5d84f948c983500b6d9547eec9.r2.dev/image/country/428341.jpg","allover","medium","standard","pp,ps"
"429393","modern","https://pub-5966bf5d84f948c983500b6d9547eec9.r2.dev/image/modern/429393.jpg","allover","medium","standard","pp,ps"
"893379","kitsch","https://pub-5966bf5d84f948c983500b6d9547eec9.r2.dev/image/kitsch/893379.jpg","none","medium","standard","ps"
"552348","modern","https://pub-5966bf5d84f948c983500b6d9547eec9.r2.dev/image/modern/552348.jpg","none","medium","standard","ps"
"777055","classic","https://pub-5966bf5d84f948c983500b6d9547eec9.r2.dev/image/classic/777055.jpg","none","medium","banded","ps"
"604726","mannish","https://pub-5966bf5d84f948c983500b6d9547eec9.r2.dev/image/mannish/604726.jpg","none","medium","standard","ps"
"517822","country","https://pub-5966bf5d84f948c983500b6d9547eec9.r2.dev/image/country/517822.jpg","none","medium","banded","ps"
"1073670","resort","https://pub-5966bf5d84f948c983500b6d9547eec9.r2.dev/image/resort/1073670.jpg","none","medium","standard","ps"
"1247922","mannish","https://pub-5966bf5d84f948c983500b6d9547eec9.r2.dev/image/mannish/1247922.jpg","none","medium","standard","ps"
"866524","feminine","https://pub-5966bf5d84f948c983500b6d9547eec9.r2.dev/image/feminine/866524.jpg","none","small","standard","ps"
"1056983","classic","https://pub-5966bf5d84f948c983500b6d9547eec9.r2.dev/image/classic/1056983.jpg","none","small","standard","ps"
"1340563","feminine","https://pub-5966bf5d84f948c983500b6d9547eec9.r2.dev/image/feminine/1340563.jpg","none","small","standard","ps"
"572196","classic","https://pub-5966bf5d84f948c983500b6d9547eec9.r2.dev/image/classic/572196.jpg","none","medium","standard","ps"
"1044917","resort","https://pub-5966bf5d84f948c983500b6d9547eec9.r2.dev/image/resort/1044917.jpg","none","small","standard","ps"
"493122","classic","https://pub-5966bf5d84f948c983500b6d9547eec9.r2.dev/image/classic/493122.jpg","none","medium","standard","ps"
"268106","feminine","https://pub-5966bf5d84f948c983500b6d9547eec9.r2.dev/image/feminine/268106.jpg","none","medium","standard","ps"
"1085048","sporty","https://pub-5966bf5d84f948c983500b6d9547eec9.r2.dev/image/sporty/1085048.jpg","none","small","standard","ps"
"55642","feminine","https://pub-5966bf5d84f948c983500b6d9547eec9.r2.dev/image/feminine/55642.jpg","allover","medium","standard","pp,ps"
"1125924","modern","https://pub-5966bf5d84f948c983500b6d9547eec9.r2.dev/image/modern/1125924.jpg","none","none","raw","trim"
"552520","oriental","https://pub-5966bf5d84f948c983500b6d9547eec9.r2.dev/image/oriental/552520.jpg","none","medium","standard","ps"
"480136","resort","https://pub-5966bf5d84f948c983500b6d9547eec9.r2.dev/image/resort/480136.jpg","none","small","banded","ps"
"392795","modern","https://pub-5966bf5d84f948c983500b6d9547eec9.r2.dev/image/modern/392795.jpg","none","small","standard","ps"
"452072","modern","https://pub-5966bf5d84f948c983500b6d9547eec9.r2.dev/image/modern/452072.jpg","none","small","raw","trim,ps"
"195019","sexy","https://pub-5966bf5d84f948c983500b6d9547eec9.r2.dev/image/sexy/195019.jpg","none","medium","standard","ps"
"509710","feminine","https://pub-5966bf5d84f948c983500b6d9547eec9.r2.dev/image/feminine/509710.jpg","none","small","standard","ps"
"305630","feminine","https://pub-5966bf5d84f948c983500b6d9547eec9.r2.dev/image/feminine/305630.jpg","none","medium","standard","ps"
"116313","feminine","https://pub-5966bf5d84f948c983500b6d9547eec9.r2.dev/image/feminine/116313.jpg","allover","medium","standard","pp,ps"
"524379","kitsch","https://pub-5966bf5d84f948c983500b6d9547eec9.r2.dev/image/kitsch/524379.jpg","none","small","banded","ps"
"104027","hippie","https://pub-5966bf5d84f948c983500b6d9547eec9.r2.dev/image/hippie/104027.jpg","allover","medium","standard","pp,ps"
"259626","preppy","https://pub-5966bf5d84f948c983500b6d9547eec9.r2.dev/image/preppy/259626.jpg","none","none","raw","trim"
"137381","resort","https://pub-5966bf5d84f948c983500b6d9547eec9.r2.dev/image/resort/137381.jpg","none","none","raw","trim"
"1028870","modern","https://pub-5966bf5d84f948c983500b6d9547eec9.r2.dev/image/modern/1028870.jpg","allover","medium","standard","pp,ps"
"471952","resort","https://pub-5966bf5d84f948c983500b6d9547eec9.r2.dev/image/resort/471952.jpg","none","medium","standard","ps"
"485437","resort","https://pub-5966bf5d84f948c983500b6d9547eec9.r2.dev/image/resort/485437.jpg","none","medium","standard","ps"
"492187","classic","https://pub-5966bf5d84f948c983500b6d9547eec9.r2.dev/image/classic/492187.jpg","none","none","raw","trim"
"1185","classic","https://pub-5966bf5d84f948c983500b6d9547eec9.r2.dev/image/classic/1185.jpg","allover","medium","standard","pp,ps"
"866556","modern","https://pub-5966bf5d84f948c983500b6d9547eec9.r2.dev/image/modern/866556.jpg","none","small","standard","ps"
"913142","military","https://pub-5966bf5d84f948c983500b6d9547eec9.r2.dev/image/military/913142.jpg","none","large","standard","ps"
"312081","mannish","https://pub-5966bf5d84f948c983500b6d9547eec9.r2.dev/image/mannish/312081.jpg","none","medium","standard","ps"
"98350","classic","https://pub-5966bf5d84f948c983500b6d9547eec9.r2.dev/image/classic/98350.jpg","allover","medium","standard","pp,ps"
"1053846","resort","https://pub-5966bf5d84f948c983500b6d9547eec9.r2.dev/image/resort/1053846.jpg","allover","small","standard","pp,ps"
"1247989","mannish","https://pub-5966bf5d84f948c983500b6d9547eec9.r2.dev/image/mannish/1247989.jpg","none","medium","standard","ps"
"123122","oriental","https://pub-5966bf5d84f948c983500b6d9547eec9.r2.dev/image/oriental/123122.jpg","none","medium","standard","ps"
"42185","hippie","https://pub-5966bf5d84f948c983500b6d9547eec9.r2.dev/image/hippie/42185.jpg","none","medium","standard","ps"
"995161","modern","https://pub-5966bf5d84f948c983500b6d9547eec9.r2.dev/image/modern/995161.jpg","none","medium","standard","ps"
"1319886","resort","https://pub-5966bf5d84f948c983500b6d9547eec9.r2.dev/image/resort/1319886.jpg","none","small","standard","ps"
"453760","resort","https://pub-5966bf5d84f948c983500b6d9547eec9.r2.dev/image/resort/453760.jpg","none","medium","standard","ps"
"274710","classic","https://pub-5966bf5d84f948c983500b6d9547eec9.r2.dev/image/classic/274710.jpg","allover","medium","standard","pp,ps"
"615708","oriental","https://pub-5966bf5d84f948c983500b6d9547eec9.r2.dev/image/oriental/615708.jpg","none","medium","raw","trim,ps"
"178682","modern","https://pub-5966bf5d84f948c983500b6d9547eec9.r2.dev/image/modern/178682.jpg","none","small","standard","ps"
"452438","oriental","https://pub-5966bf5d84f948c983500b6d9547eec9.r2.dev/image/oriental/452438.jpg","allover","medium","standard","pp"
"372291","modern","https://pub-5966bf5d84f948c983500b6d9547eec9.r2.dev/image/modern/372291.jpg","allover","medium","standard","pp"
"367648","classic","https://pub-5966bf5d84f948c983500b6d9547eec9.r2.dev/image/classic/367648.jpg","none","none","raw","trim"
"1203095","retro","https://pub-5966bf5d84f948c983500b6d9547eec9.r2.dev/image/retro/1203095.jpg","allover","medium","standard","pp"
"48167","classic","https://pub-5966bf5d84f948c983500b6d9547eec9.r2.dev/image/classic/48167.jpg","none","none","raw","trim"
"1158785","country","https://pub-5966bf5d84f948c983500b6d9547eec9.r2.dev/image/country/1158785.jpg","none","none","raw","trim"
"430651","country","https://pub-5966bf5d84f948c983500b6d9547eec9.r2.dev/image/country/430651.jpg","none","medium","raw","trim"
"272633","resort","https://pub-5966bf5d84f948c983500b6d9547eec9.r2.dev/image/resort/272633.jpg","none","none","raw","trim"
"188909","modern","https://pub-5966bf5d84f948c983500b6d9547eec9.r2.dev/image/modern/188909.jpg","allover","medium","standard","pp"
"78556","hippie","https://pub-5966bf5d84f948c983500b6d9547eec9.r2.dev/image/hippie/78556.jpg","allover","none","standard","pp"
"17301","sophisticated","https://pub-5966bf5d84f948c983500b6d9547eec9.r2.dev/image/sophisticated/17301.jpg","allover","medium","standard","pp"
"460296","resort","https://pub-5966bf5d84f948c983500b6d9547eec9.r2.dev/image/resort/460296.jpg","allover","small","standard","pp"
"971560","resort","https://pub-5966bf5d84f948c983500b6d9547eec9.r2.dev/image/resort/971560.jpg","allover","medium","standard","pp"
"290807","resort","https://pub-5966bf5d84f948c983500b6d9547eec9.r2.dev/image/resort/290807.jpg","none","none","raw","trim"
"1225318","sophisticated","https://pub-5966bf5d84f948c983500b6d9547eec9.r2.dev/image/sophisticated/1225318.jpg","allover","medium","standard","pp"
"45678","sexy","https://pub-5966bf5d84f948c983500b6d9547eec9.r2.dev/image/sexy/45678.jpg","allover","medium","standard","pp"
"1158756","classic","https://pub-5966bf5d84f948c983500b6d9547eec9.r2.dev/image/classic/1158756.jpg","none","medium","raw","trim"
"534960","resort","https://pub-5966bf5d84f948c983500b6d9547eec9.r2.dev/image/resort/534960.jpg","none","none","raw","trim"
"1299928","resort","https://pub-5966bf5d84f948c983500b6d9547eec9.r2.dev/image/resort/1299928.jpg","none","none","frayed","trim"
"1073385","resort","https://pub-5966bf5d84f948c983500b6d9547eec9.r2.dev/image/resort/1073385.jpg","allover","small","standard","pp"
"681352","oriental","https://pub-5966bf5d84f948c983500b6d9547eec9.r2.dev/image/oriental/681352.jpg","allover","medium","standard","pp"
"815191","resort","https://pub-5966bf5d84f948c983500b6d9547eec9.r2.dev/image/resort/815191.jpg","allover","medium","standard","pp"
"681368","kitsch","https://pub-5966bf5d84f948c983500b6d9547eec9.r2.dev/image/kitsch/681368.jpg","allover","medium","standard","pp"
"479993","resort","https://pub-5966bf5d84f948c983500b6d9547eec9.r2.dev/image/resort/479993.jpg","none","none","raw","trim"
"534991","country","https://pub-5966bf5d84f948c983500b6d9547eec9.r2.dev/image/country/534991.jpg","none","none","raw","trim"
"1182674","resort","https://pub-5966bf5d84f948c983500b6d9547eec9.r2.dev/image/resort/1182674.jpg","none","small","raw","trim"
"1034184","punk","https://pub-5966bf5d84f948c983500b6d9547eec9.r2.dev/image/punk/1034184.jpg","none","none","frayed","trim"
"1077192","country","https://pub-5966bf5d84f948c983500b6d9547eec9.r2.dev/image/country/1077192.jpg","none","none","raw","trim"
"313702","classic","https://pub-5966bf5d84f948c983500b6d9547eec9.r2.dev/image/classic/313702.jpg","allover","medium","standard","pp"
"308023","sophisticated","https://pub-5966bf5d84f948c983500b6d9547eec9.r2.dev/image/sophisticated/308023.jpg","none","none","raw","trim"
"680366","resort","https://pub-5966bf5d84f948c983500b6d9547eec9.r2.dev/image/resort/680366.jpg","allover","small","standard","pp"
"510666","tomboy","https://pub-5966bf5d84f948c983500b6d9547eec9.r2.dev/image/tomboy/510666.jpg","none","none","raw","trim"
"1227338","classic","https://pub-5966bf5d84f948c983500b6d9547eec9.r2.dev/image/classic/1227338.jpg","none","none","raw","trim"
"1344535","classic","https://pub-5966bf5d84f948c983500b6d9547eec9.r2.dev/image/classic/1344535.jpg","allover","small","standard","pp"
"1086788","sophisticated","https://pub-5966bf5d84f948c983500b6d9547eec9.r2.dev/image/sophisticated/1086788.jpg","none","none","raw","trim"
"352832","resort","https://pub-5966bf5d84f948c983500b6d9547eec9.r2.dev/image/resort/352832.jpg","none","none","raw","trim"
"68743","preppy","https://pub-5966bf5d84f948c983500b6d9547eec9.r2.dev/image/preppy/68743.jpg","allover","medium","standard","pp"
"142941","retro","https://pub-5966bf5d84f948c983500b6d9547eec9.r2.dev/image/retro/142941.jpg","allover","medium","standard","pp"
"506149","retro","https://pub-5966bf5d84f948c983500b6d9547eec9.r2.dev/image/retro/506149.jpg","allover","small","standard","pp"
"458611","resort","https://pub-5966bf5d84f948c983500b6d9547eec9.r2.dev/image/resort/458611.jpg","allover","small","standard","pp"
"175319","modern","https://pub-5966bf5d84f948c983500b6d9547eec9.r2.dev/image/modern/175319.jpg","allover","medium","standard","pp"
"780786","resort","https://pub-5966bf5d84f948c983500b6d9547eec9.r2.dev/image/resort/780786.jpg","allover","medium","standard","pp"
"892489","modern","https://pub-5966bf5d84f948c983500b6d9547eec9.r2.dev/image/modern/892489.jpg","allover","medium","standard","pp"
"1034084","classic","https://pub-5966bf5d84f948c983500b6d9547eec9.r2.dev/image/classic/1034084.jpg","none","none","raw","trim"
"814731","hippie","https://pub-5966bf5d84f948c983500b6d9547eec9.r2.dev/image/hippie/814731.jpg","allover","medium","standard","pp"
"257847","classic","https://pub-5966bf5d84f948c983500b6d9547eec9.r2.dev/image/classic/257847.jpg","allover","medium","standard","pp"
"132820","resort","https://pub-5966bf5d84f948c983500b6d9547eec9.r2.dev/image/resort/132820.jpg","allover","medium","standard","pp"
"258971","resort","https://pub-5966bf5d84f948c983500b6d9547eec9.r2.dev/image/resort/258971.jpg","allover","medium","standard","pp"
"315766","resort","https://pub-5966bf5d84f948c983500b6d9547eec9.r2.dev/image/resort/315766.jpg","none","none","raw","trim"
"123125","oriental","https://pub-5966bf5d84f948c983500b6d9547eec9.r2.dev/image/oriental/123125.jpg","none","medium","raw","trim"
"55734","hippie","https://pub-5966bf5d84f948c983500b6d9547eec9.r2.dev/image/hippie/55734.jpg","allover","medium","standard","pp"
"649909","sexy","https://pub-5966bf5d84f948c983500b6d9547eec9.r2.dev/image/sexy/649909.jpg","allover","small","standard","pp"
"1201901","resort","https://pub-5966bf5d84f948c983500b6d9547eec9.r2.dev/image/resort/1201901.jpg","allover","medium","standard","pp"
"932910","country","https://pub-5966bf5d84f948c983500b6d9547eec9.r2.dev/image/country/932910.jpg","allover","medium","standard","pp"
"1064793","modern","https://pub-5966bf5d84f948c983500b6d9547eec9.r2.dev/image/modern/1064793.jpg","none","none","raw","trim"
"533249","country","https://pub-5966bf5d84f948c983500b6d9547eec9.r2.dev/image/country/533249.jpg","allover","small","standard","pp"
"1069904","country","https://pub-5966bf5d84f948c983500b6d9547eec9.r2.dev/image/country/1069904.jpg","none","small","raw","trim"
"237559","hippie","https://pub-5966bf5d84f948c983500b6d9547eec9.r2.dev/image/hippie/237559.jpg","allover","medium","standard","pp"
"148517","resort","https://pub-5966bf5d84f948c983500b6d9547eec9.r2.dev/image/resort/148517.jpg","allover","medium","standard","pp"
"187054","tomboy","https://pub-5966bf5d84f948c983500b6d9547eec9.r2.dev/image/tomboy/187054.jpg","allover","medium","standard","pp"
"451283","country","https://pub-5966bf5d84f948c983500b6d9547eec9.r2.dev/image/country/451283.jpg","allover","medium","standard","pp"
"363157","hippie","https://pub-5966bf5d84f948c983500b6d9547eec9.r2.dev/image/hippie/363157.jpg","allover","medium","standard","pp"
"195852","sophisticated","https://pub-5966bf5d84f948c983500b6d9547eec9.r2.dev/image/sophisticated/195852.jpg","allover","medium","standard","pp"
"688097","kitsch","https://pub-5966bf5d84f948c983500b6d9547eec9.r2.dev/image/kitsch/688097.jpg","allover","medium","standard","pp"
"1346835","classic","https://pub-5966bf5d84f948c983500b6d9547eec9.r2.dev/image/classic/1346835.jpg","allover","medium","standard","pp"
"1225999","modern","https://pub-5966bf5d84f948c983500b6d9547eec9.r2.dev/image/modern/1225999.jpg","allover","medium","standard","pp"
"1317672","oriental","https://pub-5966bf5d84f948c983500b6d9547eec9.r2.dev/image/oriental/1317672.jpg","allover","medium","standard","pp"
"539529","sexy","https://pub-5966bf5d84f948c983500b6d9547eec9.r2.dev/image/sexy/539529.jpg","none","none","raw","trim"
"483823","sophisticated","https://pub-5966bf5d84f948c983500b6d9547eec9.r2.dev/image/sophisticated/483823.jpg","none","none","raw","trim"
"177056","modern","https://pub-5966bf5d84f948c983500b6d9547eec9.r2.dev/image/modern/177056.jpg","allover","medium","standard","pp"
"278815","resort","https://pub-5966bf5d84f948c983500b6d9547eec9.r2.dev/image/resort/278815.jpg","allover","medium","standard","pp"
"148436","resort","https://pub-5966bf5d84f948c983500b6d9547eec9.r2.dev/image/resort/148436.jpg","allover","medium","standard","pp"
"132625","country","https://pub-5966bf5d84f948c983500b6d9547eec9.r2.dev/image/country/132625.jpg","allover","medium","standard","pp"
"1140167","resort","https://pub-5966bf5d84f948c983500b6d9547eec9.r2.dev/image/resort/1140167.jpg","none","none","raw","trim"
"334210","modern","https://pub-5966bf5d84f948c983500b6d9547eec9.r2.dev/image/modern/334210.jpg","allover","medium","standard","pp"
"256901","hippie","https://pub-5966bf5d84f948c983500b6d9547eec9.r2.dev/image/hippie/256901.jpg","allover","medium","standard","pp"
"17430","sophisticated","https://pub-5966bf5d84f948c983500b6d9547eec9.r2.dev/image/sophisticated/17430.jpg","none","none","raw","trim"
"1351501","etc","https://pub-5966bf5d84f948c983500b6d9547eec9.r2.dev/image/etc/1351501.jpg","none","none","raw","trim"
"175802","modern","https://pub-5966bf5d84f948c983500b6d9547eec9.r2.dev/image/modern/175802.jpg","allover","medium","standard","pp"
"969274","hippie","https://pub-5966bf5d84f948c983500b6d9547eec9.r2.dev/image/hippie/969274.jpg","allover","medium","standard","pp"
"150212","hippie","https://pub-5966bf5d84f948c983500b6d9547eec9.r2.dev/image/hippie/150212.jpg","none","none","raw","trim"
"430460","country","https://pub-5966bf5d84f948c983500b6d9547eec9.r2.dev/image/country/430460.jpg","allover","medium","standard","pp"
"1228727","sophisticated","https://pub-5966bf5d84f948c983500b6d9547eec9.r2.dev/image/sophisticated/1228727.jpg","none","none","raw","trim"
"223326","classic","https://pub-5966bf5d84f948c983500b6d9547eec9.r2.dev/image/classic/223326.jpg","allover","medium","standard","pp"
"1313036","preppy","https://pub-5966bf5d84f948c983500b6d9547eec9.r2.dev/image/preppy/1313036.jpg","allover","medium","standard","pp"
"1227062","modern","https://pub-5966bf5d84f948c983500b6d9547eec9.r2.dev/image/modern/1227062.jpg","allover","medium","standard","pp"
"1301383","sophisticated","https://pub-5966bf5d84f948c983500b6d9547eec9.r2.dev/image/sophisticated/1301383.jpg","none","none","raw","trim"
"1223237","classic","https://pub-5966bf5d84f948c983500b6d9547eec9.r2.dev/image/classic/1223237.jpg","none","none","raw","trim"
"814726","hippie","https://pub-5966bf5d84f948c983500b6d9547eec9.r2.dev/image/hippie/814726.jpg","allover","medium","standard","pp"
"430466","country","https://pub-5966bf5d84f948c983500b6d9547eec9.r2.dev/image/country/430466.jpg","allover","medium","standard","pp"
"76156","country","https://pub-5966bf5d84f948c983500b6d9547eec9.r2.dev/image/country/76156.jpg","none","medium","raw","trim"
"732574","tomboy","https://pub-5966bf5d84f948c983500b6d9547eec9.r2.dev/image/tomboy/732574.jpg","none","none","frayed","trim"
"999066","classic","https://pub-5966bf5d84f948c983500b6d9547eec9.r2.dev/image/classic/999066.jpg","allover","medium","standard","pp"
"179813","country","https://pub-5966bf5d84f948c983500b6d9547eec9.r2.dev/image/country/179813.jpg","none","none","raw","trim"
"174809","modern","https://pub-5966bf5d84f948c983500b6d9547eec9.r2.dev/image/modern/174809.jpg","allover","medium","standard","pp"
"447811","country","https://pub-5966bf5d84f948c983500b6d9547eec9.r2.dev/image/country/447811.jpg","allover","medium","standard","pp"
"365486","modern","https://pub-5966bf5d84f948c983500b6d9547eec9.r2.dev/image/modern/365486.jpg","allover","medium","standard","pp"
"61158","country","https://pub-5966bf5d84f948c983500b6d9547eec9.r2.dev/image/country/61158.jpg","none","none","raw","trim"
"176694","modern","https://pub-5966bf5d84f948c983500b6d9547eec9.r2.dev/image/modern/176694.jpg","allover","medium","standard","pp"
"42759","sexy","https://pub-5966bf5d84f948c983500b6d9547eec9.r2.dev/image/sexy/42759.jpg","none","small","raw","trim"
"1172444","sophisticated","https://pub-5966bf5d84f948c983500b6d9547eec9.r2.dev/image/sophisticated/1172444.jpg","allover","medium","standard","pp"
"1388","country","https://pub-5966bf5d84f948c983500b6d9547eec9.r2.dev/image/country/1388.jpg","allover","medium","standard","pp"
"176380","hippie","https://pub-5966bf5d84f948c983500b6d9547eec9.r2.dev/image/hippie/176380.jpg","none","none","raw","trim"
"198914","kitsch","https://pub-5966bf5d84f948c983500b6d9547eec9.r2.dev/image/kitsch/198914.jpg","allover","medium","standard","pp"
"516448","hippie","https://pub-5966bf5d84f948c983500b6d9547eec9.r2.dev/image/hippie/516448.jpg","none","none","raw","trim"
"47285","sporty","https://pub-5966bf5d84f948c983500b6d9547eec9.r2.dev/image/sporty/47285.jpg","none","none","raw","trim"
"279018","hippie","https://pub-5966bf5d84f948c983500b6d9547eec9.r2.dev/image/hippie/279018.jpg","allover","medium","standard","pp"
"1241890","modern","https://pub-5966bf5d84f948c983500b6d9547eec9.r2.dev/image/modern/1241890.jpg","none","none","raw","trim"
"431600","sophisticated","https://pub-5966bf5d84f948c983500b6d9547eec9.r2.dev/image/sophisticated/431600.jpg","allover","medium","standard","pp"
"177105","oriental","https://pub-5966bf5d84f948c983500b6d9547eec9.r2.dev/image/oriental/177105.jpg","allover","medium","standard","pp"
"474220","hippie","https://pub-5966bf5d84f948c983500b6d9547eec9.r2.dev/image/hippie/474220.jpg","allover","medium","standard","pp"
"176845","modern","https://pub-5966bf5d84f948c983500b6d9547eec9.r2.dev/image/modern/176845.jpg","none","medium","raw","trim"
"274696","classic","https://pub-5966bf5d84f948c983500b6d9547eec9.r2.dev/image/classic/274696.jpg","allover","medium","standard","pp"
"621427","modern","https://pub-5966bf5d84f948c983500b6d9547eec9.r2.dev/image/modern/621427.jpg","none","none","raw","trim"
"923431","classic","https://pub-5966bf5d84f948c983500b6d9547eec9.r2.dev/image/classic/923431.jpg","allover","medium","standard","pp"
"430467","country","https://pub-5966bf5d84f948c983500b6d9547eec9.r2.dev/image/country/430467.jpg","allover","medium","standard","pp"
"1213742","country","https://pub-5966bf5d84f948c983500b6d9547eec9.r2.dev/image/country/1213742.jpg","none","small","raw","trim"
"600941","modern","https://pub-5966bf5d84f948c983500b6d9547eec9.r2.dev/image/modern/600941.jpg","none","none","raw","trim"
"584862","oriental","https://pub-5966bf5d84f948c983500b6d9547eec9.r2.dev/image/oriental/584862.jpg","allover","medium","standard","pp"
"150807","modern","https://pub-5966bf5d84f948c983500b6d9547eec9.r2.dev/image/modern/150807.jpg","none","none","raw","trim"
"184299","country","https://pub-5966bf5d84f948c983500b6d9547eec9.r2.dev/image/country/184299.jpg","none","none","raw","trim"
"1170223","retro","https://pub-5966bf5d84f948c983500b6d9547eec9.r2.dev/image/retro/1170223.jpg","allover","small","standard","pp"
"536784","oriental","https://pub-5966bf5d84f948c983500b6d9547eec9.r2.dev/image/oriental/536784.jpg","allover","medium","standard","pp"
"64241","sophisticated","https://pub-5966bf5d84f948c983500b6d9547eec9.r2.dev/image/sophisticated/64241.jpg","allover","medium","standard","pp"
"1252470","sophisticated","https://pub-5966bf5d84f948c983500b6d9547eec9.r2.dev/image/sophisticated/1252470.jpg","none","none","raw","trim"
"122877","oriental","https://pub-5966bf5d84f948c983500b6d9547eec9.r2.dev/image/oriental/122877.jpg","allover","medium","standard","pp"
"961744","classic","https://pub-5966bf5d84f948c983500b6d9547eec9.r2.dev/image/classic/961744.jpg","allover","medium","standard","pp"
"185961","country","https://pub-5966bf5d84f948c983500b6d9547eec9.r2.dev/image/country/185961.jpg","allover","medium","standard","pp"
"219292","modern","https://pub-5966bf5d84f948c983500b6d9547eec9.r2.dev/image/modern/219292.jpg","allover","medium","standard","pp"
"431603","sophisticated","https://pub-5966bf5d84f948c983500b6d9547eec9.r2.dev/image/sophisticated/431603.jpg","allover","medium","standard","pp"
"175448","modern","https://pub-5966bf5d84f948c983500b6d9547eec9.r2.dev/image/modern/175448.jpg","allover","medium","raw","trim,pp"
"477747","western","https://pub-5966bf5d84f948c983500b6d9547eec9.r2.dev/image/western/477747.jpg","none","small","raw","trim"
"298970","country","https://pub-5966bf5d84f948c983500b6d9547eec9.r2.dev/image/country/298970.jpg","allover","medium","standard","pp"
"128565","hippie","https://pub-5966bf5d84f948c983500b6d9547eec9.r2.dev/image/hippie/128565.jpg","none","none","raw","trim"
"104903","oriental","https://pub-5966bf5d84f948c983500b6d9547eec9.r2.dev/image/oriental/104903.jpg","allover","medium","standard","pp"
"533257","country","https://pub-5966bf5d84f948c983500b6d9547eec9.r2.dev/image/country/533257.jpg","allover","small","standard","pp"
"185628","hippie","https://pub-5966bf5d84f948c983500b6d9547eec9.r2.dev/image/hippie/185628.jpg","allover","medium","standard","pp"
"402354","modern","https://pub-5966bf5d84f948c983500b6d9547eec9.r2.dev/image/modern/402354.jpg","none","none","raw","trim"
"1125498","country","https://pub-5966bf5d84f948c983500b6d9547eec9.r2.dev/image/country/1125498.jpg","none","none","raw","trim"
"175320","modern","https://pub-5966bf5d84f948c983500b6d9547eec9.r2.dev/image/modern/175320.jpg","allover","medium","standard","pp"
"503782","kitsch","https://pub-5966bf5d84f948c983500b6d9547eec9.r2.dev/image/kitsch/503782.jpg","none","small","raw","trim"
"359570","country","https://pub-5966bf5d84f948c983500b6d9547eec9.r2.dev/image/country/359570.jpg","allover","medium","raw","trim,pp"
"457111","modern","https://pub-5966bf5d84f948c983500b6d9547eec9.r2.dev/image/modern/457111.jpg","allover","medium","standard","pp"
"783329","hippie","https://pub-5966bf5d84f948c983500b6d9547eec9.r2.dev/image/hippie/783329.jpg","allover","medium","standard","pp"
"74756","country","https://pub-5966bf5d84f948c983500b6d9547eec9.r2.dev/image/country/74756.jpg","none","none","raw","trim"
"913312","country","https://pub-5966bf5d84f948c983500b6d9547eec9.r2.dev/image/country/913312.jpg","none","none","raw","trim"
"449815","oriental","https://pub-5966bf5d84f948c983500b6d9547eec9.r2.dev/image/oriental/449815.jpg","allover","small","standard","pp"
"488994","country","https://pub-5966bf5d84f948c983500b6d9547eec9.r2.dev/image/country/488994.jpg","none","none","raw","trim"
"992650","retro","https://pub-5966bf5d84f948c983500b6d9547eec9.r2.dev/image/retro/992650.jpg","none","small","unknown","trim"
"506662","hippie","https://pub-5966bf5d84f948c983500b6d9547eec9.r2.dev/image/hippie/506662.jpg","allover","small","unknown","trim,pp"
"561542","retro","https://pub-5966bf5d84f948c983500b6d9547eec9.r2.dev/image/retro/561542.jpg","allover","medium","standard","pp"
"823362","preppy","https://pub-5966bf5d84f948c983500b6d9547eec9.r2.dev/image/preppy/823362.jpg","allover","medium","standard","pp"
"54161","modern","https://pub-5966bf5d84f948c983500b6d9547eec9.r2.dev/image/modern/54161.jpg","allover","medium","standard","pp"
"374113","country","https://pub-5966bf5d84f948c983500b6d9547eec9.r2.dev/image/country/374113.jpg","none","none","raw","trim"
"383370","sporty","https://pub-5966bf5d84f948c983500b6d9547eec9.r2.dev/image/sporty/383370.jpg","none","none","raw","trim"
"999025","classic","https://pub-5966bf5d84f948c983500b6d9547eec9.r2.dev/image/classic/999025.jpg","allover","medium","standard","pp"
"48090","sophisticated","https://pub-5966bf5d84f948c983500b6d9547eec9.r2.dev/image/sophisticated/48090.jpg","none","none","raw","trim"
"469837","preppy","https://pub-5966bf5d84f948c983500b6d9547eec9.r2.dev/image/preppy/469837.jpg","allover","medium","standard","pp"
"255986","oriental","https://pub-5966bf5d84f948c983500b6d9547eec9.r2.dev/image/oriental/255986.jpg","allover","medium","standard","pp"
"507349","retro","https://pub-5966bf5d84f948c983500b6d9547eec9.r2.dev/image/retro/507349.jpg","allover","medium","raw","trim,pp"
"1226273","modern","https://pub-5966bf5d84f948c983500b6d9547eec9.r2.dev/image/modern/1226273.jpg","allover","medium","standard","pp"
"186409","sophisticated","https://pub-5966bf5d84f948c983500b6d9547eec9.r2.dev/image/sophisticated/186409.jpg","allover","medium","standard","pp"
"216912","sophisticated","https://pub-5966bf5d84f948c983500b6d9547eec9.r2.dev/image/sophisticated/216912.jpg","none","none","raw","trim"
"334268","modern","https://pub-5966bf5d84f948c983500b6d9547eec9.r2.dev/image/modern/334268.jpg","allover","medium","standard","pp"
"1173044","kitsch","https://pub-5966bf5d84f948c983500b6d9547eec9.r2.dev/image/kitsch/1173044.jpg","allover","medium","raw","trim,pp"
"442034","sexy","https://pub-5966bf5d84f948c983500b6d9547eec9.r2.dev/image/sexy/442034.jpg","none","none","raw","trim"
"341720","retro","https://pub-5966bf5d84f948c983500b6d9547eec9.r2.dev/image/retro/341720.jpg","allover","medium","standard","pp"
"283","retro","https://pub-5966bf5d84f948c983500b6d9547eec9.r2.dev/image/retro/283.jpg","allover","medium","standard","pp"
"128792","hippie","https://pub-5966bf5d84f948c983500b6d9547eec9.r2.dev/image/hippie/128792.jpg","allover","medium","standard","pp"
"1185327","modern","https://pub-5966bf5d84f948c983500b6d9547eec9.r2.dev/image/modern/1185327.jpg","allover","medium","standard","pp"
"460648","sporty","https://pub-5966bf5d84f948c983500b6d9547eec9.r2.dev/image/sporty/460648.jpg","allover","small","standard","pp"
"1227428","retro","https://pub-5966bf5d84f948c983500b6d9547eec9.r2.dev/image/retro/1227428.jpg","allover","medium","standard","pp"
"263388","oriental","https://pub-5966bf5d84f948c983500b6d9547eec9.r2.dev/image/oriental/263388.jpg","none","none","raw","trim"
"621583","modern","https://pub-5966bf5d84f948c983500b6d9547eec9.r2.dev/image/modern/621583.jpg","none","none","raw","trim"
"199567","kitsch","https://pub-5966bf5d84f948c983500b6d9547eec9.r2.dev/image/kitsch/199567.jpg","allover","medium","standard","pp"
"176722","modern","https://pub-5966bf5d84f948c983500b6d9547eec9.r2.dev/image/modern/176722.jpg","allover","medium","standard","pp"
"1069404","country","https://pub-5966bf5d84f948c983500b6d9547eec9.r2.dev/image/country/1069404.jpg","none","none","raw","trim"
"120948","avant_garde","https://pub-5966bf5d84f948c983500b6d9547eec9.r2.dev/image/avant_garde/120948.jpg","allover","medium","standard","pp"
"1119643","tomboy","https://pub-5966bf5d84f948c983500b6d9547eec9.r2.dev/image/tomboy/1119643.jpg","none","none","frayed","trim"
"273525","sexy","https://pub-5966bf5d84f948c983500b6d9547eec9.r2.dev/image/sexy/273525.jpg","allover","medium","standard","pp"
"546663","hippie","https://pub-5966bf5d84f948c983500b6d9547eec9.r2.dev/image/hippie/546663.jpg","allover","medium","standard","pp"
"469835","preppy","https://pub-5966bf5d84f948c983500b6d9547eec9.r2.dev/image/preppy/469835.jpg","allover","medium","standard","pp"
"40254","country","https://pub-5966bf5d84f948c983500b6d9547eec9.r2.dev/image/country/40254.jpg","allover","medium","standard","pp"
"175590","modern","https://pub-5966bf5d84f948c983500b6d9547eec9.r2.dev/image/modern/175590.jpg","allover","medium","standard","pp"
"1122752","modern","https://pub-5966bf5d84f948c983500b6d9547eec9.r2.dev/image/modern/1122752.jpg","allover","medium","standard","pp"
"450362","preppy","https://pub-5966bf5d84f948c983500b6d9547eec9.r2.dev/image/preppy/450362.jpg","allover","medium","standard","pp"
"823376","preppy","https://pub-5966bf5d84f948c983500b6d9547eec9.r2.dev/image/preppy/823376.jpg","allover","small","standard","pp"
"478467","retro","https://pub-5966bf5d84f948c983500b6d9547eec9.r2.dev/image/retro/478467.jpg","none","small","raw","trim"
"40823","hippie","https://pub-5966bf5d84f948c983500b6d9547eec9.r2.dev/image/hippie/40823.jpg","allover","medium","standard","pp"
"68239","modern","https://pub-5966bf5d84f948c983500b6d9547eec9.r2.dev/image/modern/68239.jpg","allover","medium","standard","pp"
"235378","country","https://pub-5966bf5d84f948c983500b6d9547eec9.r2.dev/image/country/235378.jpg","none","none","raw","trim"
"1262546","modern","https://pub-5966bf5d84f948c983500b6d9547eec9.r2.dev/image/modern/1262546.jpg","allover","medium","standard","pp"
"174581","modern","https://pub-5966bf5d84f948c983500b6d9547eec9.r2.dev/image/modern/174581.jpg","allover","medium","standard","pp"
"1129818","classic","https://pub-5966bf5d84f948c983500b6d9547eec9.r2.dev/image/classic/1129818.jpg","allover","medium","standard","pp"
"254813","modern","https://pub-5966bf5d84f948c983500b6d9547eec9.r2.dev/image/modern/254813.jpg","allover","medium","standard","pp"
"788020","hippie","https://pub-5966bf5d84f948c983500b6d9547eec9.r2.dev/image/hippie/788020.jpg","none","medium","raw","trim"
"1344645","classic","https://pub-5966bf5d84f948c983500b6d9547eec9.r2.dev/image/classic/1344645.jpg","allover","medium","standard","pp"
"150216","classic","https://pub-5966bf5d84f948c983500b6d9547eec9.r2.dev/image/classic/150216.jpg","none","none","raw","trim"
"372255","sophisticated","https://pub-5966bf5d84f948c983500b6d9547eec9.r2.dev/image/sophisticated/372255.jpg","none","small","raw","trim"
"1075888","country","https://pub-5966bf5d84f948c983500b6d9547eec9.r2.dev/image/country/1075888.jpg","none","none","raw","trim"
"507352","retro","https://pub-5966bf5d84f948c983500b6d9547eec9.r2.dev/image/retro/507352.jpg","allover","small","raw","trim,pp"
"120780","hippie","https://pub-5966bf5d84f948c983500b6d9547eec9.r2.dev/image/hippie/120780.jpg","allover","medium","standard","pp"
"329142","country","https://pub-5966bf5d84f948c983500b6d9547eec9.r2.dev/image/country/329142.jpg","allover","medium","standard","pp"
"1226746","modern","https://pub-5966bf5d84f948c983500b6d9547eec9.r2.dev/image/modern/1226746.jpg","allover","medium","standard","pp"
"84178","country","https://pub-5966bf5d84f948c983500b6d9547eec9.r2.dev/image/country/84178.jpg","allover","medium","standard","pp"
"297312","country","https://pub-5966bf5d84f948c983500b6d9547eec9.r2.dev/image/country/297312.jpg","allover","medium","raw","trim,pp"
"450229","modern","https://pub-5966bf5d84f948c983500b6d9547eec9.r2.dev/image/modern/450229.jpg","allover","medium","standard","pp"
"481041","tomboy","https://pub-5966bf5d84f948c983500b6d9547eec9.r2.dev/image/tomboy/481041.jpg","none","none","raw","trim"
"217045","country","https://pub-5966bf5d84f948c983500b6d9547eec9.r2.dev/image/country/217045.jpg","none","none","raw","trim"
"712245","classic","https://pub-5966bf5d84f948c983500b6d9547eec9.r2.dev/image/classic/712245.jpg","none","none","rolled","trim"
"1068597","sexy","https://pub-5966bf5d84f948c983500b6d9547eec9.r2.dev/image/sexy/1068597.jpg","none","none","raw","trim"
"298608","country","https://pub-5966bf5d84f948c983500b6d9547eec9.r2.dev/image/country/298608.jpg","allover","medium","standard","pp"
"448913","retro","https://pub-5966bf5d84f948c983500b6d9547eec9.r2.dev/image/retro/448913.jpg","allover","small","standard","pp"
"74656","retro","https://pub-5966bf5d84f948c983500b6d9547eec9.r2.dev/image/retro/74656.jpg","none","none","raw","trim"
"1185567","country","https://pub-5966bf5d84f948c983500b6d9547eec9.r2.dev/image/country/1185567.jpg","allover","medium","standard","pp"
"466524","hippie","https://pub-5966bf5d84f948c983500b6d9547eec9.r2.dev/image/hippie/466524.jpg","allover","medium","standard","pp"
"257242","oriental","https://pub-5966bf5d84f948c983500b6d9547eec9.r2.dev/image/oriental/257242.jpg","allover","medium","standard","pp"
"482366","modern","https://pub-5966bf5d84f948c983500b6d9547eec9.r2.dev/image/modern/482366.jpg","none","medium","raw","trim"
"478291","sophisticated","https://pub-5966bf5d84f948c983500b6d9547eec9.r2.dev/image/sophisticated/478291.jpg","allover","medium","standard","pp"
"100212","kitsch","https://pub-5966bf5d84f948c983500b6d9547eec9.r2.dev/image/kitsch/100212.jpg","allover","medium","standard","pp"
"1113992","country","https://pub-5966bf5d84f948c983500b6d9547eec9.r2.dev/image/country/1113992.jpg","allover","medium","standard","pp"
"1207189","country","https://pub-5966bf5d84f948c983500b6d9547eec9.r2.dev/image/country/1207189.jpg","none","none","frayed","trim"
"492188","classic","https://pub-5966bf5d84f948c983500b6d9547eec9.r2.dev/image/classic/492188.jpg","none","none","raw","trim"
"198620","retro","https://pub-5966bf5d84f948c983500b6d9547eec9.r2.dev/image/retro/198620.jpg","allover","medium","standard","pp"
"49013","hippie","https://pub-5966bf5d84f948c983500b6d9547eec9.r2.dev/image/hippie/49013.jpg","allover","medium","standard","pp"
"791427","classic","https://pub-5966bf5d84f948c983500b6d9547eec9.r2.dev/image/classic/791427.jpg","allover","small","standard","pp"
"485764","oriental","https://pub-5966bf5d84f948c983500b6d9547eec9.r2.dev/image/oriental/485764.jpg","allover","medium","standard","pp"
"1314385","modern","https://pub-5966bf5d84f948c983500b6d9547eec9.r2.dev/image/modern/1314385.jpg","none","none","raw","trim"
"40261","country","https://pub-5966bf5d84f948c983500b6d9547eec9.r2.dev/image/country/40261.jpg","allover","medium","standard","pp"
"1305987","retro","https://pub-5966bf5d84f948c983500b6d9547eec9.r2.dev/image/retro/1305987.jpg","allover","small","standard","pp"
"314796","classic","https://pub-5966bf5d84f948c983500b6d9547eec9.r2.dev/image/classic/314796.jpg","allover","medium","standard","pp"
"1155770","country","https://pub-5966bf5d84f948c983500b6d9547eec9.r2.dev/image/country/1155770.jpg","none","medium","raw","trim"
"465094","classic","https://pub-5966bf5d84f948c983500b6d9547eec9.r2.dev/image/classic/465094.jpg","none","none","raw","trim"
"882394","classic","https://pub-5966bf5d84f948c983500b6d9547eec9.r2.dev/image/classic/882394.jpg","allover","small","standard","pp"
"837412","modern","https://pub-5966bf5d84f948c983500b6d9547eec9.r2.dev/image/modern/837412.jpg","none","none","frayed","trim"
"213849","hippie","https://pub-5966bf5d84f948c983500b6d9547eec9.r2.dev/image/hippie/213849.jpg","none","none","raw","trim"
"1349066","etc","https://pub-5966bf5d84f948c983500b6d9547eec9.r2.dev/image/etc/1349066.jpg","none","small","raw","trim"
"626529","retro","https://pub-5966bf5d84f948c983500b6d9547eec9.r2.dev/image/retro/626529.jpg","allover","medium","standard","pp"
"183855","kitsch","https://pub-5966bf5d84f948c983500b6d9547eec9.r2.dev/image/kitsch/183855.jpg","allover","medium","standard","pp"
"143706","mannish","https://pub-5966bf5d84f948c983500b6d9547eec9.r2.dev/image/mannish/143706.jpg","none","medium","raw","trim"
"95880","retro","https://pub-5966bf5d84f948c983500b6d9547eec9.r2.dev/image/retro/95880.jpg","allover","medium","standard","pp"
"63778","hippie","https://pub-5966bf5d84f948c983500b6d9547eec9.r2.dev/image/hippie/63778.jpg","allover","medium","standard","pp"
"68745","preppy","https://pub-5966bf5d84f948c983500b6d9547eec9.r2.dev/image/preppy/68745.jpg","allover","medium","standard","pp"
"183856","kitsch","https://pub-5966bf5d84f948c983500b6d9547eec9.r2.dev/image/kitsch/183856.jpg","allover","medium","standard","pp"
"454585","modern","https://pub-5966bf5d84f948c983500b6d9547eec9.r2.dev/image/modern/454585.jpg","allover","medium","standard","pp"
"195764","sophisticated","https://pub-5966bf5d84f948c983500b6d9547eec9.r2.dev/image/sophisticated/195764.jpg","allover","none","standard","pp"
"836652","classic","https://pub-5966bf5d84f948c983500b6d9547eec9.r2.dev/image/classic/836652.jpg","none","none","rolled","trim"
"456441","hippie","https://pub-5966bf5d84f948c983500b6d9547eec9.r2.dev/image/hippie/456441.jpg","allover","medium","standard","pp"
"132483","retro","https://pub-5966bf5d84f948c983500b6d9547eec9.r2.dev/image/retro/132483.jpg","allover","medium","standard","pp"
"74136","country","https://pub-5966bf5d84f948c983500b6d9547eec9.r2.dev/image/country/74136.jpg","allover","medium","standard","pp"
"188934","modern","https://pub-5966bf5d84f948c983500b6d9547eec9.r2.dev/image/modern/188934.jpg","allover","medium","standard","pp"
"851113","sexy","https://pub-5966bf5d84f948c983500b6d9547eec9.r2.dev/image/sexy/851113.jpg","none","none","frayed","trim"
"1351095","etc","https://pub-5966bf5d84f948c983500b6d9547eec9.r2.dev/image/etc/1351095.jpg","none","medium","raw","trim"
"969285","hippie","https://pub-5966bf5d84f948c983500b6d9547eec9.r2.dev/image/hippie/969285.jpg","allover","none","standard","pp"
"311476","sophisticated","https://pub-5966bf5d84f948c983500b6d9547eec9.r2.dev/image/sophisticated/311476.jpg","allover","medium","standard","pp"
"565612","retro","https://pub-5966bf5d84f948c983500b6d9547eec9.r2.dev/image/retro/565612.jpg","allover","small","standard","pp"
"1299785","sexy","https://pub-5966bf5d84f948c983500b6d9547eec9.r2.dev/image/sexy/1299785.jpg","none","none","frayed","trim"
"450522","modern","https://pub-5966bf5d84f948c983500b6d9547eec9.r2.dev/image/modern/450522.jpg","allover","medium","standard","pp"
"1164225","retro","https://pub-5966bf5d84f948c983500b6d9547eec9.r2.dev/image/retro/1164225.jpg","none","none","raw","trim"
"429336","modern","https://pub-5966bf5d84f948c983500b6d9547eec9.r2.dev/image/modern/429336.jpg","allover","medium","standard","pp"
"916698","classic","https://pub-5966bf5d84f948c983500b6d9547eec9.r2.dev/image/classic/916698.jpg","none","none","frayed","trim"
"44081","country","https://pub-5966bf5d84f948c983500b6d9547eec9.r2.dev/image/country/44081.jpg","none","none","raw","trim"
"216498","classic","https://pub-5966bf5d84f948c983500b6d9547eec9.r2.dev/image/classic/216498.jpg","none","none","raw","trim"
"99900","hippie","https://pub-5966bf5d84f948c983500b6d9547eec9.r2.dev/image/hippie/99900.jpg","allover","medium","standard","pp"
"1006015","sporty","https://pub-5966bf5d84f948c983500b6d9547eec9.r2.dev/image/sporty/1006015.jpg","none","none","rolled","trim"
"363153","hippie","https://pub-5966bf5d84f948c983500b6d9547eec9.r2.dev/image/hippie/363153.jpg","allover","medium","standard","pp"
"321496","sporty","https://pub-5966bf5d84f948c983500b6d9547eec9.r2.dev/image/sporty/321496.jpg","none","none","raw","trim"
"177111","oriental","https://pub-5966bf5d84f948c983500b6d9547eec9.r2.dev/image/oriental/177111.jpg","allover","medium","standard","pp"
"55914","hippie","https://pub-5966bf5d84f948c983500b6d9547eec9.r2.dev/image/hippie/55914.jpg","allover","medium","standard","pp"
"8088","country","https://pub-5966bf5d84f948c983500b6d9547eec9.r2.dev/image/country/8088.jpg","allover","medium","standard","pp"
"444346","modern","https://pub-5966bf5d84f948c983500b6d9547eec9.r2.dev/image/modern/444346.jpg","allover","medium","standard","pp"
"323419","country","https://pub-5966bf5d84f948c983500b6d9547eec9.r2.dev/image/country/323419.jpg","none","medium","raw","trim"
"364955","country","https://pub-5966bf5d84f948c983500b6d9547eec9.r2.dev/image/country/364955.jpg","allover","medium","standard","pp"
"485272","hippie","https://pub-5966bf5d84f948c983500b6d9547eec9.r2.dev/image/hippie/485272.jpg","allover","medium","standard","pp"
"116734","hippie","https://pub-5966bf5d84f948c983500b6d9547eec9.r2.dev/image/hippie/116734.jpg","allover","medium","standard","pp"
"1034039","classic","https://pub-5966bf5d84f948c983500b6d9547eec9.r2.dev/image/classic/1034039.jpg","none","medium","raw","trim"
"1225314","sophisticated","https://pub-5966bf5d84f948c983500b6d9547eec9.r2.dev/image/sophisticated/1225314.jpg","allover","medium","standard","pp"
"1350408","etc","https://pub-5966bf5d84f948c983500b6d9547eec9.r2.dev/image/etc/1350408.jpg","none","medium","unknown","trim"
"177076","country","https://pub-5966bf5d84f948c983500b6d9547eec9.r2.dev/image/country/177076.jpg","allover","medium","standard","pp"
"1040563","sexy","https://pub-5966bf5d84f948c983500b6d9547eec9.r2.dev/image/sexy/1040563.jpg","allover","medium","standard","pp"
"1039297","modern","https://pub-5966bf5d84f948c983500b6d9547eec9.r2.dev/image/modern/1039297.jpg","none","none","raw","trim"
"1182302","oriental","https://pub-5966bf5d84f948c983500b6d9547eec9.r2.dev/image/oriental/1182302.jpg","none","none","raw","trim"
"1123527","classic","https://pub-5966bf5d84f948c983500b6d9547eec9.r2.dev/image/classic/1123527.jpg","none","none","raw","trim"
"958930","classic","https://pub-5966bf5d84f948c983500b6d9547eec9.r2.dev/image/classic/958930.jpg","allover","medium","standard","pp"
"1175015","oriental","https://pub-5966bf5d84f948c983500b6d9547eec9.r2.dev/image/oriental/1175015.jpg","none","none","raw","trim"
"681367","kitsch","https://pub-5966bf5d84f948c983500b6d9547eec9.r2.dev/image/kitsch/681367.jpg","allover","medium","standard","pp"
"314724","classic","https://pub-5966bf5d84f948c983500b6d9547eec9.r2.dev/image/classic/314724.jpg","allover","medium","standard","pp"
"448287","hippie","https://pub-5966bf5d84f948c983500b6d9547eec9.r2.dev/image/hippie/448287.jpg","allover","medium","standard","pp"
"92120","hippie","https://pub-5966bf5d84f948c983500b6d9547eec9.r2.dev/image/hippie/92120.jpg","allover","medium","standard","pp"
"151840","retro","https://pub-5966bf5d84f948c983500b6d9547eec9.r2.dev/image/retro/151840.jpg","allover","medium","standard","pp"
"41707","retro","https://pub-5966bf5d84f948c983500b6d9547eec9.r2.dev/image/retro/41707.jpg","allover","medium","standard","pp"
"59400","country","https://pub-5966bf5d84f948c983500b6d9547eec9.r2.dev/image/country/59400.jpg","allover","medium","standard","pp"
"63548","avant_garde","https://pub-5966bf5d84f948c983500b6d9547eec9.r2.dev/image/avant_garde/63548.jpg","allover","medium","standard","pp"
"419979","country","https://pub-5966bf5d84f948c983500b6d9547eec9.r2.dev/image/country/419979.jpg","allover","medium","standard","pp"
"536586","country","https://pub-5966bf5d84f948c983500b6d9547eec9.r2.dev/image/country/536586.jpg","none","none","raw","trim"
"469111","sexy","https://pub-5966bf5d84f948c983500b6d9547eec9.r2.dev/image/sexy/469111.jpg","allover","medium","standard","pp"
"452335","oriental","https://pub-5966bf5d84f948c983500b6d9547eec9.r2.dev/image/oriental/452335.jpg","allover","medium","standard","pp"
"1285542","retro","https://pub-5966bf5d84f948c983500b6d9547eec9.r2.dev/image/retro/1285542.jpg","allover","none","standard","pp"
"81028","sophisticated","https://pub-5966bf5d84f948c983500b6d9547eec9.r2.dev/image/sophisticated/81028.jpg","allover","medium","standard","pp"
"299203","country","https://pub-5966bf5d84f948c983500b6d9547eec9.r2.dev/image/country/299203.jpg","none","small","raw","trim"
"1072209","sexy","https://pub-5966bf5d84f948c983500b6d9547eec9.r2.dev/image/sexy/1072209.jpg","allover","medium","standard","pp"
"622576","tomboy","https://pub-5966bf5d84f948c983500b6d9547eec9.r2.dev/image/tomboy/622576.jpg","none","none","raw","trim"
"48965","hippie","https://pub-5966bf5d84f948c983500b6d9547eec9.r2.dev/image/hippie/48965.jpg","allover","medium","standard","pp"
"788739","retro","https://pub-5966bf5d84f948c983500b6d9547eec9.r2.dev/image/retro/788739.jpg","allover","medium","standard","pp"
"999787","hippie","https://pub-5966bf5d84f948c983500b6d9547eec9.r2.dev/image/hippie/999787.jpg","none","medium","raw","trim"
"419981","country","https://pub-5966bf5d84f948c983500b6d9547eec9.r2.dev/image/country/419981.jpg","allover","none","standard","pp"
"1225451","avant_garde","https://pub-5966bf5d84f948c983500b6d9547eec9.r2.dev/image/avant_garde/1225451.jpg","allover","medium","standard","pp"
"521124","genderless","https://pub-5966bf5d84f948c983500b6d9547eec9.r2.dev/image/genderless/521124.jpg","none","none","frayed","trim"
"454131","retro","https://pub-5966bf5d84f948c983500b6d9547eec9.r2.dev/image/retro/454131.jpg","allover","medium","raw","trim,pp"
"63772","hippie","https://pub-5966bf5d84f948c983500b6d9547eec9.r2.dev/image/hippie/63772.jpg","allover","medium","standard","pp"
"96414","classic","https://pub-5966bf5d84f948c983500b6d9547eec9.r2.dev/image/classic/96414.jpg","allover","medium","standard","pp"
"1017576","sophisticated","https://pub-5966bf5d84f948c983500b6d9547eec9.r2.dev/image/sophisticated/1017576.jpg","allover","small","standard","pp"
"600526","classic","https://pub-5966bf5d84f948c983500b6d9547eec9.r2.dev/image/classic/600526.jpg","none","none","raw","trim"
"446619","hippie","https://pub-5966bf5d84f948c983500b6d9547eec9.r2.dev/image/hippie/446619.jpg","allover","medium","standard","pp"
"1217345","country","https://pub-5966bf5d84f948c983500b6d9547eec9.r2.dev/image/country/1217345.jpg","none","none","raw","trim"
"496305","sexy","https://pub-5966bf5d84f948c983500b6d9547eec9.r2.dev/image/sexy/496305.jpg","none","none","frayed","trim"
"861005","retro","https://pub-5966bf5d84f948c983500b6d9547eec9.r2.dev/image/retro/861005.jpg","allover","medium","standard","pp"
"421802","classic","https://pub-5966bf5d84f948c983500b6d9547eec9.r2.dev/image/classic/421802.jpg","allover","medium","standard","pp"
"244000","retro","https://pub-5966bf5d84f948c983500b6d9547eec9.r2.dev/image/retro/244000.jpg","allover","medium","standard","pp"
"188718","hippie","https://pub-5966bf5d84f948c983500b6d9547eec9.r2.dev/image/hippie/188718.jpg","allover","medium","raw","trim,pp"
"1225311","sophisticated","https://pub-5966bf5d84f948c983500b6d9547eec9.r2.dev/image/sophisticated/1225311.jpg","allover","medium","standard","pp"
"142522","hippie","https://pub-5966bf5d84f948c983500b6d9547eec9.r2.dev/image/hippie/142522.jpg","allover","medium","standard","pp"
"1346487","classic","https://pub-5966bf5d84f948c983500b6d9547eec9.r2.dev/image/classic/1346487.jpg","none","none","raw","trim"
"61438","hippie","https://pub-5966bf5d84f948c983500b6d9547eec9.r2.dev/image/hippie/61438.jpg","allover","medium","standard","pp"
"223479","sophisticated","https://pub-5966bf5d84f948c983500b6d9547eec9.r2.dev/image/sophisticated/223479.jpg","none","none","raw","trim"
"55696","sexy","https://pub-5966bf5d84f948c983500b6d9547eec9.r2.dev/image/sexy/55696.jpg","allover","medium","standard","pp"
"213818","hippie","https://pub-5966bf5d84f948c983500b6d9547eec9.r2.dev/image/hippie/213818.jpg","none","none","raw","trim"
"167848","country","https://pub-5966bf5d84f948c983500b6d9547eec9.r2.dev/image/country/167848.jpg","allover","medium","standard","pp"
"998634","classic","https://pub-5966bf5d84f948c983500b6d9547eec9.r2.dev/image/classic/998634.jpg","none","small","unknown","trim"
"316054","sexy","https://pub-5966bf5d84f948c983500b6d9547eec9.r2.dev/image/sexy/316054.jpg","none","none","raw","trim"
"176123","kitsch","https://pub-5966bf5d84f948c983500b6d9547eec9.r2.dev/image/kitsch/176123.jpg","allover","medium","standard","pp"
"165172","hippie","https://pub-5966bf5d84f948c983500b6d9547eec9.r2.dev/image/hippie/165172.jpg","allover","medium","standard","pp"
"1155625","kitsch","https://pub-5966bf5d84f948c983500b6d9547eec9.r2.dev/image/kitsch/1155625.jpg","none","small","raw","trim"
"484126","kitsch","https://pub-5966bf5d84f948c983500b6d9547eec9.r2.dev/image/kitsch/484126.jpg","allover","small","raw","trim,pp"
"312957","retro","https://pub-5966bf5d84f948c983500b6d9547eec9.r2.dev/image/retro/312957.jpg","allover","medium","standard","pp"
"1064490","country","https://pub-5966bf5d84f948c983500b6d9547eec9.r2.dev/image/country/1064490.jpg","none","none","raw","trim"
"1239587","hippie","https://pub-5966bf5d84f948c983500b6d9547eec9.r2.dev/image/hippie/1239587.jpg","allover","medium","standard","pp"
"179161","classic","https://pub-5966bf5d84f948c983500b6d9547eec9.r2.dev/image/classic/179161.jpg","none","none","raw","trim"
"1176598","classic","https://pub-5966bf5d84f948c983500b6d9547eec9.r2.dev/image/classic/1176598.jpg","none","medium","raw","trim"
"1125709","country","https://pub-5966bf5d84f948c983500b6d9547eec9.r2.dev/image/country/1125709.jpg","none","none","raw","trim"
"55731","hippie","https://pub-5966bf5d84f948c983500b6d9547eec9.r2.dev/image/hippie/55731.jpg","allover","medium","standard","pp"
"1235317","classic","https://pub-5966bf5d84f948c983500b6d9547eec9.r2.dev/image/classic/1235317.jpg","none","none","raw","trim"
"67360","sophisticated","https://pub-5966bf5d84f948c983500b6d9547eec9.r2.dev/image/sophisticated/67360.jpg","allover","medium","standard","pp"
"132657","country","https://pub-5966bf5d84f948c983500b6d9547eec9.r2.dev/image/country/132657.jpg","allover","none","standard","pp"
"792828","hippie","https://pub-5966bf5d84f948c983500b6d9547eec9.r2.dev/image/hippie/792828.jpg","allover","small","standard","pp"
"1223258","country","https://pub-5966bf5d84f948c983500b6d9547eec9.r2.dev/image/country/1223258.jpg","allover","medium","standard","pp"
"83097","preppy","https://pub-5966bf5d84f948c983500b6d9547eec9.r2.dev/image/preppy/83097.jpg","allover","medium","standard","pp"
"216600","country","https://pub-5966bf5d84f948c983500b6d9547eec9.r2.dev/image/country/216600.jpg","none","none","raw","trim"
"68476","retro","https://pub-5966bf5d84f948c983500b6d9547eec9.r2.dev/image/retro/68476.jpg","allover","medium","raw","trim,pp"
"1161589","sexy","https://pub-5966bf5d84f948c983500b6d9547eec9.r2.dev/image/sexy/1161589.jpg","none","none","frayed","trim"
"103625","sophisticated","https://pub-5966bf5d84f948c983500b6d9547eec9.r2.dev/image/sophisticated/103625.jpg","none","none","raw","trim"
"363036","country","https://pub-5966bf5d84f948c983500b6d9547eec9.r2.dev/image/country/363036.jpg","allover","medium","standard","pp"
"1178766","classic","https://pub-5966bf5d84f948c983500b6d9547eec9.r2.dev/image/classic/1178766.jpg","none","none","raw","trim"
"854482","hippie","https://pub-5966bf5d84f948c983500b6d9547eec9.r2.dev/image/hippie/854482.jpg","allover","small","standard","pp"
"69863","country","https://pub-5966bf5d84f948c983500b6d9547eec9.r2.dev/image/country/69863.jpg","allover","medium","standard","pp"
"613240","genderless","https://pub-5966bf5d84f948c983500b6d9547eec9.r2.dev/image/genderless/613240.jpg","none","none","raw","trim"
"1203349","sexy","https://pub-5966bf5d84f948c983500b6d9547eec9.r2.dev/image/sexy/1203349.jpg","front","small","unknown","trim,pp"
"193035","sporty","https://pub-5966bf5d84f948c983500b6d9547eec9.r2.dev/image/sporty/193035.jpg","front","large","banded","pp"
"615057","country","https://pub-5966bf5d84f948c983500b6d9547eec9.r2.dev/image/country/615057.jpg","none","none","raw","trim"
"311205","classic","https://pub-5966bf5d84f948c983500b6d9547eec9.r2.dev/image/classic/311205.jpg","allover","medium","standard","pp"
"1226997","sophisticated","https://pub-5966bf5d84f948c983500b6d9547eec9.r2.dev/image/sophisticated/1226997.jpg","none","medium","raw","trim"
"372034","kitsch","https://pub-5966bf5d84f948c983500b6d9547eec9.r2.dev/image/kitsch/372034.jpg","none","none","raw","trim"
"681428","kitsch","https://pub-5966bf5d84f948c983500b6d9547eec9.r2.dev/image/kitsch/681428.jpg","allover","medium","standard","pp"
"1109170","classic","https://pub-5966bf5d84f948c983500b6d9547eec9.r2.dev/image/classic/1109170.jpg","none","small","frayed","trim"
"187064","tomboy","https://pub-5966bf5d84f948c983500b6d9547eec9.r2.dev/image/tomboy/187064.jpg","allover","medium","standard","pp"
"68561","hippie","https://pub-5966bf5d84f948c983500b6d9547eec9.r2.dev/image/hippie/68561.jpg","allover","medium","standard","pp"
"74658","retro","https://pub-5966bf5d84f948c983500b6d9547eec9.r2.dev/image/retro/74658.jpg","none","medium","raw","trim"
"186273","sophisticated","https://pub-5966bf5d84f948c983500b6d9547eec9.r2.dev/image/sophisticated/186273.jpg","allover","medium","standard","pp"
"980443","hippie","https://pub-5966bf5d84f948c983500b6d9547eec9.r2.dev/image/hippie/980443.jpg","allover","medium","standard","pp"
"389528","sexy","https://pub-5966bf5d84f948c983500b6d9547eec9.r2.dev/image/sexy/389528.jpg","none","none","raw","trim"
"46316","hippie","https://pub-5966bf5d84f948c983500b6d9547eec9.r2.dev/image/hippie/46316.jpg","allover","medium","standard","pp"
"262813","avant_garde","https://pub-5966bf5d84f948c983500b6d9547eec9.r2.dev/image/avant_garde/262813.jpg","allover","medium","standard","pp"
"91012","hippie","https://pub-5966bf5d84f948c983500b6d9547eec9.r2.dev/image/hippie/91012.jpg","allover","medium","standard","pp"
"92129","hippie","https://pub-5966bf5d84f948c983500b6d9547eec9.r2.dev/image/hippie/92129.jpg","allover","medium","standard","pp"
"554347","avant_garde","https://pub-5966bf5d84f948c983500b6d9547eec9.r2.dev/image/avant_garde/554347.jpg","allover","medium","standard","pp"
"929055","genderless","https://pub-5966bf5d84f948c983500b6d9547eec9.r2.dev/image/genderless/929055.jpg","none","none","rolled","trim"
"327496","classic","https://pub-5966bf5d84f948c983500b6d9547eec9.r2.dev/image/classic/327496.jpg","allover","medium","standard","pp"
"1337391","avant_garde","https://pub-5966bf5d84f948c983500b6d9547eec9.r2.dev/image/avant_garde/1337391.jpg","allover","small","standard","pp"
"595644","classic","https://pub-5966bf5d84f948c983500b6d9547eec9.r2.dev/image/classic/595644.jpg","allover","medium","standard","pp"
"61002","sexy","https://pub-5966bf5d84f948c983500b6d9547eec9.r2.dev/image/sexy/61002.jpg","none","medium","raw","trim"
"130658","sophisticated","https://pub-5966bf5d84f948c983500b6d9547eec9.r2.dev/image/sophisticated/130658.jpg","allover","medium","standard","pp"
"405049","tomboy","https://pub-5966bf5d84f948c983500b6d9547eec9.r2.dev/image/tomboy/405049.jpg","none","medium","raw","trim"
"467159","hippie","https://pub-5966bf5d84f948c983500b6d9547eec9.r2.dev/image/hippie/467159.jpg","allover","medium","standard","pp"
"1342630","retro","https://pub-5966bf5d84f948c983500b6d9547eec9.r2.dev/image/retro/1342630.jpg","allover","medium","standard","pp"
"790786","hippie","https://pub-5966bf5d84f948c983500b6d9547eec9.r2.dev/image/hippie/790786.jpg","allover","medium","standard","pp"
"81013","sophisticated","https://pub-5966bf5d84f948c983500b6d9547eec9.r2.dev/image/sophisticated/81013.jpg","allover","medium","standard","pp"
"103504","sophisticated","https://pub-5966bf5d84f948c983500b6d9547eec9.r2.dev/image/sophisticated/103504.jpg","allover","medium","raw","trim,pp"
"283776","military","https://pub-5966bf5d84f948c983500b6d9547eec9.r2.dev/image/military/283776.jpg","front","small","banded","pp"
"257157","sophisticated","https://pub-5966bf5d84f948c983500b6d9547eec9.r2.dev/image/sophisticated/257157.jpg","none","none","raw","trim"
"1077707","avant_garde","https://pub-5966bf5d84f948c983500b6d9547eec9.r2.dev/image/avant_garde/1077707.jpg","allover","medium","standard","pp"
"275634","hippie","https://pub-5966bf5d84f948c983500b6d9547eec9.r2.dev/image/hippie/275634.jpg","allover","medium","standard","pp"
"971455","retro","https://pub-5966bf5d84f948c983500b6d9547eec9.r2.dev/image/retro/971455.jpg","allover","medium","standard","pp"
"149932","hippie","https://pub-5966bf5d84f948c983500b6d9547eec9.r2.dev/image/hippie/149932.jpg","allover","medium","standard","pp"
"120942","avant_garde","https://pub-5966bf5d84f948c983500b6d9547eec9.r2.dev/image/avant_garde/120942.jpg","allover","medium","standard","pp"
"314459","sophisticated","https://pub-5966bf5d84f948c983500b6d9547eec9.r2.dev/image/sophisticated/314459.jpg","allover","medium","standard","pp"
"181545","retro","https://pub-5966bf5d84f948c983500b6d9547eec9.r2.dev/image/retro/181545.jpg","none","medium","raw","trim"
"55938","hippie","https://pub-5966bf5d84f948c983500b6d9547eec9.r2.dev/image/hippie/55938.jpg","allover","medium","standard","pp"
"92124","hippie","https://pub-5966bf5d84f948c983500b6d9547eec9.r2.dev/image/hippie/92124.jpg","allover","medium","standard","pp"
"160706","hippie","https://pub-5966bf5d84f948c983500b6d9547eec9.r2.dev/image/hippie/160706.jpg","allover","medium","standard","pp"
"1349294","etc","https://pub-5966bf5d84f948c983500b6d9547eec9.r2.dev/image/etc/1349294.jpg","none","small","unknown","trim"
"507845","avant_garde","https://pub-5966bf5d84f948c983500b6d9547eec9.r2.dev/image/avant_garde/507845.jpg","none","small","unknown","trim"
"219913","sexy","https://pub-5966bf5d84f948c983500b6d9547eec9.r2.dev/image/sexy/219913.jpg","allover","medium","standard","pp"
"185629","hippie","https://pub-5966bf5d84f948c983500b6d9547eec9.r2.dev/image/hippie/185629.jpg","allover","medium","standard","pp"
"42141","hippie","https://pub-5966bf5d84f948c983500b6d9547eec9.r2.dev/image/hippie/42141.jpg","allover","medium","standard","pp"
"507345","retro","https://pub-5966bf5d84f948c983500b6d9547eec9.r2.dev/image/retro/507345.jpg","allover","small","raw","trim,pp"
"117230","sophisticated","https://pub-5966bf5d84f948c983500b6d9547eec9.r2.dev/image/sophisticated/117230.jpg","allover","medium","standard","pp"
"451982","oriental","https://pub-5966bf5d84f948c983500b6d9547eec9.r2.dev/image/oriental/451982.jpg","allover","medium","standard","pp"
"610778","retro","https://pub-5966bf5d84f948c983500b6d9547eec9.r2.dev/image/retro/610778.jpg","none","none","raw","trim"
"272393","classic","https://pub-5966bf5d84f948c983500b6d9547eec9.r2.dev/image/classic/272393.jpg","allover","medium","standard","pp"
"86136","hippie","https://pub-5966bf5d84f948c983500b6d9547eec9.r2.dev/image/hippie/86136.jpg","allover","medium","standard","pp"
"67362","sophisticated","https://pub-5966bf5d84f948c983500b6d9547eec9.r2.dev/image/sophisticated/67362.jpg","allover","medium","standard","pp"
"147047","hippie","https://pub-5966bf5d84f948c983500b6d9547eec9.r2.dev/image/hippie/147047.jpg","allover","medium","standard","pp"
"177161","oriental","https://pub-5966bf5d84f948c983500b6d9547eec9.r2.dev/image/oriental/177161.jpg","allover","medium","standard","pp"
"96530","retro","https://pub-5966bf5d84f948c983500b6d9547eec9.r2.dev/image/retro/96530.jpg","allover","medium","raw","trim,pp"
"1346604","classic","https://pub-5966bf5d84f948c983500b6d9547eec9.r2.dev/image/classic/1346604.jpg","none","none","raw","trim"
"1021060","classic","https://pub-5966bf5d84f948c983500b6d9547eec9.r2.dev/image/classic/1021060.jpg","allover","small","standard","pp"
"68252","retro","https://pub-5966bf5d84f948c983500b6d9547eec9.r2.dev/image/retro/68252.jpg","allover","medium","standard","pp"
"833797","retro","https://pub-5966bf5d84f948c983500b6d9547eec9.r2.dev/image/retro/833797.jpg","allover","small","standard","pp"
"75516","tomboy","https://pub-5966bf5d84f948c983500b6d9547eec9.r2.dev/image/tomboy/75516.jpg","none","none","raw","trim"
"615568","oriental","https://pub-5966bf5d84f948c983500b6d9547eec9.r2.dev/image/oriental/615568.jpg","allover","medium","standard","pp"
"691975","sophisticated","https://pub-5966bf5d84f948c983500b6d9547eec9.r2.dev/image/sophisticated/691975.jpg","allover","medium","standard","pp"
"120785","hippie","https://pub-5966bf5d84f948c983500b6d9547eec9.r2.dev/image/hippie/120785.jpg","allover","medium","standard","pp"
"256897","hippie","https://pub-5966bf5d84f948c983500b6d9547eec9.r2.dev/image/hippie/256897.jpg","allover","medium","standard","pp"
"38772","kitsch","https://pub-5966bf5d84f948c983500b6d9547eec9.r2.dev/image/kitsch/38772.jpg","allover","medium","standard","pp"
"451971","avant_garde","https://pub-5966bf5d84f948c983500b6d9547eec9.r2.dev/image/avant_garde/451971.jpg","allover","medium","standard","pp"
"969580","hippie","https://pub-5966bf5d84f948c983500b6d9547eec9.r2.dev/image/hippie/969580.jpg","none","medium","raw","trim"
"181327","classic","https://pub-5966bf5d84f948c983500b6d9547eec9.r2.dev/image/classic/181327.jpg","none","none","raw","trim"
"413031","sophisticated","https://pub-5966bf5d84f948c983500b6d9547eec9.r2.dev/image/sophisticated/413031.jpg","none","none","raw","trim"
"219915","sexy","https://pub-5966bf5d84f948c983500b6d9547eec9.r2.dev/image/sexy/219915.jpg","allover","medium","standard","pp"
"314774","classic","https://pub-5966bf5d84f948c983500b6d9547eec9.r2.dev/image/classic/314774.jpg","none","medium","raw","trim"
"1228389","sophisticated","https://pub-5966bf5d84f948c983500b6d9547eec9.r2.dev/image/sophisticated/1228389.jpg","none","none","raw","trim"
"1009725","sporty","https://pub-5966bf5d84f948c983500b6d9547eec9.r2.dev/image/sporty/1009725.jpg","front","small","standard","pp"
"1202267","kitsch","https://pub-5966bf5d84f948c983500b6d9547eec9.r2.dev/image/kitsch/1202267.jpg","allover","medium","standard","pp"
"614682","hippie","https://pub-5966bf5d84f948c983500b6d9547eec9.r2.dev/image/hippie/614682.jpg","allover","medium","standard","pp"
"752326","classic","https://pub-5966bf5d84f948c983500b6d9547eec9.r2.dev/image/classic/752326.jpg","allover","small","standard","pp"
"1142895","sporty","https://pub-5966bf5d84f948c983500b6d9547eec9.r2.dev/image/sporty/1142895.jpg","none","none","frayed","trim"
"550526","retro","https://pub-5966bf5d84f948c983500b6d9547eec9.r2.dev/image/retro/550526.jpg","allover","medium","standard","pp"
"1302734","retro","https://pub-5966bf5d84f948c983500b6d9547eec9.r2.dev/image/retro/1302734.jpg","allover","small","standard","pp"
"882412","classic","https://pub-5966bf5d84f948c983500b6d9547eec9.r2.dev/image/classic/882412.jpg","allover","medium","standard","pp"
"702080","preppy","https://pub-5966bf5d84f948c983500b6d9547eec9.r2.dev/image/preppy/702080.jpg","allover","small","standard","pp"
"395268","avant_garde","https://pub-5966bf5d84f948c983500b6d9547eec9.r2.dev/image/avant_garde/395268.jpg","none","none","raw","trim"
"195885","sophisticated","https://pub-5966bf5d84f948c983500b6d9547eec9.r2.dev/image/sophisticated/195885.jpg","allover","medium","standard","pp"
"1162428","classic","https://pub-5966bf5d84f948c983500b6d9547eec9.r2.dev/image/classic/1162428.jpg","allover","small","standard","pp"
"1119681","tomboy","https://pub-5966bf5d84f948c983500b6d9547eec9.r2.dev/image/tomboy/1119681.jpg","none","none","frayed","trim"
"688103","kitsch","https://pub-5966bf5d84f948c983500b6d9547eec9.r2.dev/image/kitsch/688103.jpg","allover","medium","standard","pp"
"41283","hippie","https://pub-5966bf5d84f948c983500b6d9547eec9.r2.dev/image/hippie/41283.jpg","allover","medium","standard","pp"
"103477","sophisticated","https://pub-5966bf5d84f948c983500b6d9547eec9.r2.dev/image/sophisticated/103477.jpg","allover","medium","standard","pp"
"409737","sophisticated","https://pub-5966bf5d84f948c983500b6d9547eec9.r2.dev/image/sophisticated/409737.jpg","none","none","raw","trim"
"1140097","retro","https://pub-5966bf5d84f948c983500b6d9547eec9.r2.dev/image/retro/1140097.jpg","allover","small","standard","pp"
"1226783","sophisticated","https://pub-5966bf5d84f948c983500b6d9547eec9.r2.dev/image/sophisticated/1226783.jpg","allover","medium","standard","pp"
"1153493","sophisticated","https://pub-5966bf5d84f948c983500b6d9547eec9.r2.dev/image/sophisticated/1153493.jpg","allover","medium","standard","pp"
"223233","classic","https://pub-5966bf5d84f948c983500b6d9547eec9.r2.dev/image/classic/223233.jpg","allover","medium","standard","pp"
"141588","oriental","https://pub-5966bf5d84f948c983500b6d9547eec9.r2.dev/image/oriental/141588.jpg","allover","medium","standard","pp"
"1313045","preppy","https://pub-5966bf5d84f948c983500b6d9547eec9.r2.dev/image/preppy/1313045.jpg","allover","medium","standard","pp"
"1220958","classic","https://pub-5966bf5d84f948c983500b6d9547eec9.r2.dev/image/classic/1220958.jpg","none","none","raw","trim"
"86550","hippie","https://pub-5966bf5d84f948c983500b6d9547eec9.r2.dev/image/hippie/86550.jpg","allover","medium","standard","pp"
"105775","tomboy","https://pub-5966bf5d84f948c983500b6d9547eec9.r2.dev/image/tomboy/105775.jpg","none","medium","unknown","trim"
"1142887","sporty","https://pub-5966bf5d84f948c983500b6d9547eec9.r2.dev/image/sporty/1142887.jpg","none","none","frayed","trim"
"223677","sophisticated","https://pub-5966bf5d84f948c983500b6d9547eec9.r2.dev/image/sophisticated/223677.jpg","allover","none","raw","trim,pp"
"102283","classic","https://pub-5966bf5d84f948c983500b6d9547eec9.r2.dev/image/classic/102283.jpg","none","medium","raw","trim"
"223685","sophisticated","https://pub-5966bf5d84f948c983500b6d9547eec9.r2.dev/image/sophisticated/223685.jpg","allover","medium","raw","trim,pp"
"52894","sporty","https://pub-5966bf5d84f948c983500b6d9547eec9.r2.dev/image/sporty/52894.jpg","none","none","raw","trim"
"45224","hippie","https://pub-5966bf5d84f948c983500b6d9547eec9.r2.dev/image/hippie/45224.jpg","allover","medium","standard","pp"
"15499","sophisticated","https://pub-5966bf5d84f948c983500b6d9547eec9.r2.dev/image/sophisticated/15499.jpg","allover","medium","standard","pp"
"113812","sophisticated","https://pub-5966bf5d84f948c983500b6d9547eec9.r2.dev/image/sophisticated/113812.jpg","allover","medium","standard","pp"
"519865","tomboy","https://pub-5966bf5d84f948c983500b6d9547eec9.r2.dev/image/tomboy/519865.jpg","none","none","rolled","trim"
"279011","hippie","https://pub-5966bf5d84f948c983500b6d9547eec9.r2.dev/image/hippie/279011.jpg","allover","medium","standard","pp"
"975420","oriental","https://pub-5966bf5d84f948c983500b6d9547eec9.r2.dev/image/oriental/975420.jpg","allover","medium","standard","pp"
"1050679","kitsch","https://pub-5966bf5d84f948c983500b6d9547eec9.r2.dev/image/kitsch/1050679.jpg","none","small","unknown","trim"
"283051","kitsch","https://pub-5966bf5d84f948c983500b6d9547eec9.r2.dev/image/kitsch/283051.jpg","front","small","banded","pp"
"137766","retro","https://pub-5966bf5d84f948c983500b6d9547eec9.r2.dev/image/retro/137766.jpg","none","none","raw","trim"
"457802","oriental","https://pub-5966bf5d84f948c983500b6d9547eec9.r2.dev/image/oriental/457802.jpg","allover","none","standard","pp"
"1045796","oriental","https://pub-5966bf5d84f948c983500b6d9547eec9.r2.dev/image/oriental/1045796.jpg","allover","medium","raw","trim,pp"
"849246","kitsch","https://pub-5966bf5d84f948c983500b6d9547eec9.r2.dev/image/kitsch/849246.jpg","none","small","frayed","trim"
"195874","sophisticated","https://pub-5966bf5d84f948c983500b6d9547eec9.r2.dev/image/sophisticated/195874.jpg","allover","medium","standard","pp"
"1206487","sporty","https://pub-5966bf5d84f948c983500b6d9547eec9.r2.dev/image/sporty/1206487.jpg","none","none","raw","trim"
"586873","oriental","https://pub-5966bf5d84f948c983500b6d9547eec9.r2.dev/image/oriental/586873.jpg","allover","medium","standard","pp"
"703825","sexy","https://pub-5966bf5d84f948c983500b6d9547eec9.r2.dev/image/sexy/703825.jpg","none","medium","raw","trim"
"474207","sophisticated","https://pub-5966bf5d84f948c983500b6d9547eec9.r2.dev/image/sophisticated/474207.jpg","allover","medium","standard","pp"
"52789","preppy","https://pub-5966bf5d84f948c983500b6d9547eec9.r2.dev/image/preppy/52789.jpg","allover","medium","standard","pp"
"186918","sophisticated","https://pub-5966bf5d84f948c983500b6d9547eec9.r2.dev/image/sophisticated/186918.jpg","allover","medium","raw","trim,pp"
"466518","hippie","https://pub-5966bf5d84f948c983500b6d9547eec9.r2.dev/image/hippie/466518.jpg","allover","medium","raw","trim,pp"
"1202172","kitsch","https://pub-5966bf5d84f948c983500b6d9547eec9.r2.dev/image/kitsch/1202172.jpg","allover","medium","standard","pp"
"699300","tomboy","https://pub-5966bf5d84f948c983500b6d9547eec9.r2.dev/image/tomboy/699300.jpg","none","none","rolled","trim"
"486415","sophisticated","https://pub-5966bf5d84f948c983500b6d9547eec9.r2.dev/image/sophisticated/486415.jpg","none","none","raw","trim"
"192735","kitsch","https://pub-5966bf5d84f948c983500b6d9547eec9.r2.dev/image/kitsch/192735.jpg","allover","medium","standard","pp"
"365124","hippie","https://pub-5966bf5d84f948c983500b6d9547eec9.r2.dev/image/hippie/365124.jpg","allover","none","standard","pp"
"1161378","sophisticated","https://pub-5966bf5d84f948c983500b6d9547eec9.r2.dev/image/sophisticated/1161378.jpg","none","none","raw","trim"
"580073","retro","https://pub-5966bf5d84f948c983500b6d9547eec9.r2.dev/image/retro/580073.jpg","allover","medium","standard","pp"
"477895","sophisticated","https://pub-5966bf5d84f948c983500b6d9547eec9.r2.dev/image/sophisticated/477895.jpg","none","none","raw","trim"
"97416","sophisticated","https://pub-5966bf5d84f948c983500b6d9547eec9.r2.dev/image/sophisticated/97416.jpg","none","none","raw","trim"
"528623","sophisticated","https://pub-5966bf5d84f948c983500b6d9547eec9.r2.dev/image/sophisticated/528623.jpg","none","none","raw","trim"
"192755","kitsch","https://pub-5966bf5d84f948c983500b6d9547eec9.r2.dev/image/kitsch/192755.jpg","allover","medium","standard","pp"
"449330","retro","https://pub-5966bf5d84f948c983500b6d9547eec9.r2.dev/image/retro/449330.jpg","none","none","raw","trim"
"1168304","sexy","https://pub-5966bf5d84f948c983500b6d9547eec9.r2.dev/image/sexy/1168304.jpg","allover","small","standard","pp"
"809703","oriental","https://pub-5966bf5d84f948c983500b6d9547eec9.r2.dev/image/oriental/809703.jpg","allover","medium","standard","pp"
"1289030","retro","https://pub-5966bf5d84f948c983500b6d9547eec9.r2.dev/image/retro/1289030.jpg","allover","small","standard","pp"
"76726","retro","https://pub-5966bf5d84f948c983500b6d9547eec9.r2.dev/image/retro/76726.jpg","allover","medium","standard","pp"
"213787","hippie","https://pub-5966bf5d84f948c983500b6d9547eec9.r2.dev/image/hippie/213787.jpg","none","none","raw","trim"
"701962","kitsch","https://pub-5966bf5d84f948c983500b6d9547eec9.r2.dev/image/kitsch/701962.jpg","allover","small","standard","pp"
"1348363","etc","https://pub-5966bf5d84f948c983500b6d9547eec9.r2.dev/image/etc/1348363.jpg","none","medium","raw","trim"
"83098","preppy","https://pub-5966bf5d84f948c983500b6d9547eec9.r2.dev/image/preppy/83098.jpg","allover","medium","standard","pp"
"535837","hippie","https://pub-5966bf5d84f948c983500b6d9547eec9.r2.dev/image/hippie/535837.jpg","allover","small","standard","pp"
"431616","sophisticated","https://pub-5966bf5d84f948c983500b6d9547eec9.r2.dev/image/sophisticated/431616.jpg","allover","medium","standard","pp"
"781568","hippie","https://pub-5966bf5d84f948c983500b6d9547eec9.r2.dev/image/hippie/781568.jpg","allover","medium","standard","pp"
"187057","tomboy","https://pub-5966bf5d84f948c983500b6d9547eec9.r2.dev/image/tomboy/187057.jpg","allover","medium","standard","pp"
"477505","retro","https://pub-5966bf5d84f948c983500b6d9547eec9.r2.dev/image/retro/477505.jpg","allover","medium","standard","pp"
"554346","avant_garde","https://pub-5966bf5d84f948c983500b6d9547eec9.r2.dev/image/avant_garde/554346.jpg","allover","medium","standard","pp"
"137767","retro","https://pub-5966bf5d84f948c983500b6d9547eec9.r2.dev/image/retro/137767.jpg","none","none","raw","trim"
"1248013","kitsch","https://pub-5966bf5d84f948c983500b6d9547eec9.r2.dev/image/kitsch/1248013.jpg","front","large","banded","pp"
"195643","sophisticated","https://pub-5966bf5d84f948c983500b6d9547eec9.r2.dev/image/sophisticated/195643.jpg","none","none","raw","trim"
"142581","genderless","https://pub-5966bf5d84f948c983500b6d9547eec9.r2.dev/image/genderless/142581.jpg","none","none","raw","trim"
"1039068","genderless","https://pub-5966bf5d84f948c983500b6d9547eec9.r2.dev/image/genderless/1039068.jpg","allover","medium","standard","pp"
"194910","sexy","https://pub-5966bf5d84f948c983500b6d9547eec9.r2.dev/image/sexy/194910.jpg","allover","medium","standard","pp"
"282","oriental","https://pub-5966bf5d84f948c983500b6d9547eec9.r2.dev/image/oriental/282.jpg","allover","medium","standard","pp"
"1337375","avant_garde","https://pub-5966bf5d84f948c983500b6d9547eec9.r2.dev/image/avant_garde/1337375.jpg","allover","medium","standard","pp"
"1226124","sophisticated","https://pub-5966bf5d84f948c983500b6d9547eec9.r2.dev/image/sophisticated/1226124.jpg","allover","medium","standard","pp"
"431993","sophisticated","https://pub-5966bf5d84f948c983500b6d9547eec9.r2.dev/image/sophisticated/431993.jpg","allover","medium","standard","pp"
"106990","sophisticated","https://pub-5966bf5d84f948c983500b6d9547eec9.r2.dev/image/sophisticated/106990.jpg","none","none","raw","trim"
"1159697","retro","https://pub-5966bf5d84f948c983500b6d9547eec9.r2.dev/image/retro/1159697.jpg","allover","medium","raw","trim,pp"
"1228412","sophisticated","https://pub-5966bf5d84f948c983500b6d9547eec9.r2.dev/image/sophisticated/1228412.jpg","none","none","raw","trim"
"686876","retro","https://pub-5966bf5d84f948c983500b6d9547eec9.r2.dev/image/retro/686876.jpg","allover","medium","standard","pp"
"258417","sophisticated","https://pub-5966bf5d84f948c983500b6d9547eec9.r2.dev/image/sophisticated/258417.jpg","none","none","raw","trim"
"277","retro","https://pub-5966bf5d84f948c983500b6d9547eec9.r2.dev/image/retro/277.jpg","allover","medium","standard","pp"
"1299170","sexy","https://pub-5966bf5d84f948c983500b6d9547eec9.r2.dev/image/sexy/1299170.jpg","none","none","frayed","trim"
"450829","retro","https://pub-5966bf5d84f948c983500b6d9547eec9.r2.dev/image/retro/450829.jpg","allover","none","raw","trim,pp"
"147631","oriental","https://pub-5966bf5d84f948c983500b6d9547eec9.r2.dev/image/oriental/147631.jpg","allover","medium","standard","pp"
"580047","retro","https://pub-5966bf5d84f948c983500b6d9547eec9.r2.dev/image/retro/580047.jpg","allover","medium","standard","pp"
"278033","retro","https://pub-5966bf5d84f948c983500b6d9547eec9.r2.dev/image/retro/278033.jpg","allover","medium","standard","pp"
"182381","oriental","https://pub-5966bf5d84f948c983500b6d9547eec9.r2.dev/image/oriental/182381.jpg","allover","medium","standard","pp"
"12676","avant_garde","https://pub-5966bf5d84f948c983500b6d9547eec9.r2.dev/image/avant_garde/12676.jpg","allover","none","standard","pp"
"856096","hiphop","https://pub-5966bf5d84f948c983500b6d9547eec9.r2.dev/image/hiphop/856096.jpg","none","none","frayed","trim"
"278232","avant_garde","https://pub-5966bf5d84f948c983500b6d9547eec9.r2.dev/image/avant_garde/278232.jpg","allover","medium","standard","pp"
"1119748","tomboy","https://pub-5966bf5d84f948c983500b6d9547eec9.r2.dev/image/tomboy/1119748.jpg","none","small","frayed","trim"
"1069527","sexy","https://pub-5966bf5d84f948c983500b6d9547eec9.r2.dev/image/sexy/1069527.jpg","none","none","raw","trim"
"485691","sophisticated","https://pub-5966bf5d84f948c983500b6d9547eec9.r2.dev/image/sophisticated/485691.jpg","none","medium","raw","trim"
"1348678","etc","https://pub-5966bf5d84f948c983500b6d9547eec9.r2.dev/image/etc/1348678.jpg","none","small","raw","trim"
"326457","oriental","https://pub-5966bf5d84f948c983500b6d9547eec9.r2.dev/image/oriental/326457.jpg","none","none","raw","trim"
"601995","avant_garde","https://pub-5966bf5d84f948c983500b6d9547eec9.r2.dev/image/avant_garde/601995.jpg","none","none","raw","trim"
"106649","sophisticated","https://pub-5966bf5d84f948c983500b6d9547eec9.r2.dev/image/sophisticated/106649.jpg","none","none","raw","trim"
"1193516","sexy","https://pub-5966bf5d84f948c983500b6d9547eec9.r2.dev/image/sexy/1193516.jpg","none","none","frayed","trim"
"503777","kitsch","https://pub-5966bf5d84f948c983500b6d9547eec9.r2.dev/image/kitsch/503777.jpg","none","small","raw","trim"
"413034","sophisticated","https://pub-5966bf5d84f948c983500b6d9547eec9.r2.dev/image/sophisticated/413034.jpg","none","none","raw","trim"
"1299943","sexy","https://pub-5966bf5d84f948c983500b6d9547eec9.r2.dev/image/sexy/1299943.jpg","none","none","frayed","trim"
"502922","sexy","https://pub-5966bf5d84f948c983500b6d9547eec9.r2.dev/image/sexy/502922.jpg","none","none","raw","trim"
"615405","oriental","https://pub-5966bf5d84f948c983500b6d9547eec9.r2.dev/image/oriental/615405.jpg","none","none","raw","trim"
"622264","tomboy","https://pub-5966bf5d84f948c983500b6d9547eec9.r2.dev/image/tomboy/622264.jpg","none","medium","raw","trim"
"142591","genderless","https://pub-5966bf5d84f948c983500b6d9547eec9.r2.dev/image/genderless/142591.jpg","none","none","raw","trim"
"432217","sophisticated","https://pub-5966bf5d84f948c983500b6d9547eec9.r2.dev/image/sophisticated/432217.jpg","none","none","raw","trim"
"179500","sophisticated","https://pub-5966bf5d84f948c983500b6d9547eec9.r2.dev/image/sophisticated/179500.jpg","none","none","raw","trim"
"1163962","retro","https://pub-5966bf5d84f948c983500b6d9547eec9.r2.dev/image/retro/1163962.jpg","none","medium","raw","trim"
"258138","sophisticated","https://pub-5966bf5d84f948c983500b6d9547eec9.r2.dev/image/sophisticated/258138.jpg","none","none","raw","trim"
"1299074","sexy","https://pub-5966bf5d84f948c983500b6d9547eec9.r2.dev/image/sexy/1299074.jpg","none","none","frayed","trim"
"412669","mannish","https://pub-5966bf5d84f948c983500b6d9547eec9.r2.dev/image/mannish/412669.jpg","none","none","raw","trim"
"1299708","genderless","https://pub-5966bf5d84f948c983500b6d9547eec9.r2.dev/image/genderless/1299708.jpg","none","none","frayed","trim"
"1087427","tomboy","https://pub-5966bf5d84f948c983500b6d9547eec9.r2.dev/image/tomboy/1087427.jpg","none","none","raw","trim"
"432272","sophisticated","https://pub-5966bf5d84f948c983500b6d9547eec9.r2.dev/image/sophisticated/432272.jpg","none","tiny","raw","trim"
"389184","sexy","https://pub-5966bf5d84f948c983500b6d9547eec9.r2.dev/image/sexy/389184.jpg","none","none","raw","trim"
"1200142","retro","https://pub-5966bf5d84f948c983500b6d9547eec9.r2.dev/image/retro/1200142.jpg","allover","medium","raw","trim"
"488775","retro","https://pub-5966bf5d84f948c983500b6d9547eec9.r2.dev/image/retro/488775.jpg","none","medium","raw","trim"
"1120736","sophisticated","https://pub-5966bf5d84f948c983500b6d9547eec9.r2.dev/image/sophisticated/1120736.jpg","none","none","raw","trim"
"973791","sophisticated","https://pub-5966bf5d84f948c983500b6d9547eec9.r2.dev/image/sophisticated/973791.jpg","none","none","raw","trim"
"732567","tomboy","https://pub-5966bf5d84f948c983500b6d9547eec9.r2.dev/image/tomboy/732567.jpg","none","none","frayed","trim"
"147463","sophisticated","https://pub-5966bf5d84f948c983500b6d9547eec9.r2.dev/image/sophisticated/147463.jpg","none","none","raw","trim"
"15682","retro","https://pub-5966bf5d84f948c983500b6d9547eec9.r2.dev/image/retro/15682.jpg","allover","none","raw","trim"
"706985","sophisticated","https://pub-5966bf5d84f948c983500b6d9547eec9.r2.dev/image/sophisticated/706985.jpg","none","none","rolled","trim"
"1154634","sophisticated","https://pub-5966bf5d84f948c983500b6d9547eec9.r2.dev/image/sophisticated/1154634.jpg","none","none","raw","trim"
"1181193","etc","https://pub-5966bf5d84f948c983500b6d9547eec9.r2.dev/image/etc/1181193.jpg","none","none","raw","trim"
"1161600","sexy","https://pub-5966bf5d84f948c983500b6d9547eec9.r2.dev/image/sexy/1161600.jpg","none","small","raw","trim"
"521765","sexy","https://pub-5966bf5d84f948c983500b6d9547eec9.r2.dev/image/sexy/521765.jpg","none","none","frayed","trim"
"446698","kitsch","https://pub-5966bf5d84f948c983500b6d9547eec9.r2.dev/image/kitsch/446698.jpg","none","small","raw","trim"
"325791","sophisticated","https://pub-5966bf5d84f948c983500b6d9547eec9.r2.dev/image/sophisticated/325791.jpg","none","none","raw","trim"
"488773","retro","https://pub-5966bf5d84f948c983500b6d9547eec9.r2.dev/image/retro/488773.jpg","none","small","unknown","trim"
"1042924","retro","https://pub-5966bf5d84f948c983500b6d9547eec9.r2.dev/image/retro/1042924.jpg","none","none","raw","trim"
"601947","kitsch","https://pub-5966bf5d84f948c983500b6d9547eec9.r2.dev/image/kitsch/601947.jpg","allover","small","unknown","trim"
"61079","western","https://pub-5966bf5d84f948c983500b6d9547eec9.r2.dev/image/western/61079.jpg","none","none","raw","trim"
"1153132","sophisticated","https://pub-5966bf5d84f948c983500b6d9547eec9.r2.dev/image/sophisticated/1153132.jpg","none","none","raw","trim"
"852014","sophisticated","https://pub-5966bf5d84f948c983500b6d9547eec9.r2.dev/image/sophisticated/852014.jpg","none","none","raw","trim"
"1346254","kitsch","https://pub-5966bf5d84f948c983500b6d9547eec9.r2.dev/image/kitsch/1346254.jpg","none","none","frayed","trim"
"128343","oriental","https://pub-5966bf5d84f948c983500b6d9547eec9.r2.dev/image/oriental/128343.jpg","none","none","raw","trim"
"284069","kitsch","https://pub-5966bf5d84f948c983500b6d9547eec9.r2.dev/image/kitsch/284069.jpg","none","none","frayed","trim"
"1348895","etc","https://pub-5966bf5d84f948c983500b6d9547eec9.r2.dev/image/etc/1348895.jpg","none","none","raw","trim"
"500021","tomboy","https://pub-5966bf5d84f948c983500b6d9547eec9.r2.dev/image/tomboy/500021.jpg","none","none","frayed","trim"
"1320230","sexy","https://pub-5966bf5d84f948c983500b6d9547eec9.r2.dev/image/sexy/1320230.jpg","none","none","raw","trim"
"1219078","preppy","https://pub-5966bf5d84f948c983500b6d9547eec9.r2.dev/image/preppy/1219078.jpg","none","none","raw","trim"
"616665","tomboy","https://pub-5966bf5d84f948c983500b6d9547eec9.r2.dev/image/tomboy/616665.jpg","none","none","raw","trim"
"1065040","kitsch","https://pub-5966bf5d84f948c983500b6d9547eec9.r2.dev/image/kitsch/1065040.jpg","none","medium","raw","trim"
"1193514","sexy","https://pub-5966bf5d84f948c983500b6d9547eec9.r2.dev/image/sexy/1193514.jpg","none","none","frayed","trim"
"488216","kitsch","https://pub-5966bf5d84f948c983500b6d9547eec9.r2.dev/image/kitsch/488216.jpg","none","small","raw","trim"
"527924","preppy","https://pub-5966bf5d84f948c983500b6d9547eec9.r2.dev/image/preppy/527924.jpg","none","none","raw","trim"
"1232096","oriental","https://pub-5966bf5d84f948c983500b6d9547eec9.r2.dev/image/oriental/1232096.jpg","none","none","raw","trim"
"856135","mannish","https://pub-5966bf5d84f948c983500b6d9547eec9.r2.dev/image/mannish/856135.jpg","none","small","frayed","trim"
"1016764","retro","https://pub-5966bf5d84f948c983500b6d9547eec9.r2.dev/image/retro/1016764.jpg","none","none","frayed","trim"
"235433","sexy","https://pub-5966bf5d84f948c983500b6d9547eec9.r2.dev/image/sexy/235433.jpg","none","none","raw","trim"
"1250898","sophisticated","https://pub-5966bf5d84f948c983500b6d9547eec9.r2.dev/image/sophisticated/1250898.jpg","none","none","raw","trim"
"1064983","sporty","https://pub-5966bf5d84f948c983500b6d9547eec9.r2.dev/image/sporty/1064983.jpg","none","none","raw","trim"
"732578","tomboy","https://pub-5966bf5d84f948c983500b6d9547eec9.r2.dev/image/tomboy/732578.jpg","none","none","frayed","trim"
"1164464","retro","https://pub-5966bf5d84f948c983500b6d9547eec9.r2.dev/image/retro/1164464.jpg","none","none","raw","trim"
"195320","avant_garde","https://pub-5966bf5d84f948c983500b6d9547eec9.r2.dev/image/avant_garde/195320.jpg","none","none","raw","trim"
"23343","tomboy","https://pub-5966bf5d84f948c983500b6d9547eec9.r2.dev/image/tomboy/23343.jpg","none","none","frayed","trim"
"412501","sophisticated","https://pub-5966bf5d84f948c983500b6d9547eec9.r2.dev/image/sophisticated/412501.jpg","none","none","raw","trim"
"463844","sporty","https://pub-5966bf5d84f948c983500b6d9547eec9.r2.dev/image/sporty/463844.jpg","none","none","raw","trim"
"1299911","sexy","https://pub-5966bf5d84f948c983500b6d9547eec9.r2.dev/image/sexy/1299911.jpg","none","none","frayed","trim"
"341702","retro","https://pub-5966bf5d84f948c983500b6d9547eec9.r2.dev/image/retro/341702.jpg","allover","medium","raw","trim"
"457790","oriental","https://pub-5966bf5d84f948c983500b6d9547eec9.r2.dev/image/oriental/457790.jpg","allover","medium","raw","trim"
"1186670","hiphop","https://pub-5966bf5d84f948c983500b6d9547eec9.r2.dev/image/hiphop/1186670.jpg","none","small","frayed","trim"
"1299712","genderless","https://pub-5966bf5d84f948c983500b6d9547eec9.r2.dev/image/genderless/1299712.jpg","none","small","frayed","trim"
"170795","sophisticated","https://pub-5966bf5d84f948c983500b6d9547eec9.r2.dev/image/sophisticated/170795.jpg","none","none","raw","trim"
"1070225","preppy","https://pub-5966bf5d84f948c983500b6d9547eec9.r2.dev/image/preppy/1070225.jpg","none","none","frayed","trim"
"957366","tomboy","https://pub-5966bf5d84f948c983500b6d9547eec9.r2.dev/image/tomboy/957366.jpg","none","none","frayed","trim"
"137906","retro","https://pub-5966bf5d84f948c983500b6d9547eec9.r2.dev/image/retro/137906.jpg","none","none","raw","trim"
"110817","sophisticated","https://pub-5966bf5d84f948c983500b6d9547eec9.r2.dev/image/sophisticated/110817.jpg","none","none","raw","trim"
"521389","tomboy","https://pub-5966bf5d84f948c983500b6d9547eec9.r2.dev/image/tomboy/521389.jpg","none","none","frayed","trim"
"67511","retro","https://pub-5966bf5d84f948c983500b6d9547eec9.r2.dev/image/retro/67511.jpg","none","none","raw","trim"
"142754","oriental","https://pub-5966bf5d84f948c983500b6d9547eec9.r2.dev/image/oriental/142754.jpg","none","none","raw","trim"
"247591","sophisticated","https://pub-5966bf5d84f948c983500b6d9547eec9.r2.dev/image/sophisticated/247591.jpg","none","medium","raw","trim"
"382014","sexy","https://pub-5966bf5d84f948c983500b6d9547eec9.r2.dev/image/sexy/382014.jpg","none","none","raw","trim"
"154683","kitsch","https://pub-5966bf5d84f948c983500b6d9547eec9.r2.dev/image/kitsch/154683.jpg","none","small","frayed","trim"
"138387","kitsch","https://pub-5966bf5d84f948c983500b6d9547eec9.r2.dev/image/kitsch/138387.jpg","none","none","frayed","trim"
"1142874","sporty","https://pub-5966bf5d84f948c983500b6d9547eec9.r2.dev/image/sporty/1142874.jpg","none","none","frayed","trim"
